mesh_index,h,enforcement,p,projector,exponent_label,exponent,quadrature_degree,c_stab,skipped_zero_bases
1,1.4142135623730951,multiplier,1.5,P_h,2,2.0,6,0.9679985932819047,0
1,1.4142135623730951,multiplier,1.5,P_h,p,1.5,6,0.9643102028932119,0
1,1.4142135623730951,multiplier,1.5,P_h,p_prime,3.0,6,1.0079755298652826,0
1,1.4142135623730951,multiplier,1.5,P_h_perp,2,2.0,6,0.8660254037844399,0
1,1.4142135623730951,multiplier,1.5,P_h_perp,p,1.5,6,0.9245730541082982,0
1,1.4142135623730951,multiplier,1.5,P_h_perp,p_prime,3.0,6,0.7937005259841005,0
1,1.4142135623730951,multiplier,2.5,P_h,2,2.0,6,0.9679985932819047,0
1,1.4142135623730951,multiplier,2.5,P_h,p,2.5,6,0.9894832194239539,0
1,1.4142135623730951,multiplier,2.5,P_h,p_prime,1.6666666666666667,6,0.9645774580485268,0
1,1.4142135623730951,multiplier,2.5,P_h_perp,2,2.0,6,0.8660254037844399,0
1,1.4142135623730951,multiplier,2.5,P_h_perp,p,2.5,6,0.8250130227497275,0
1,1.4142135623730951,multiplier,2.5,P_h_perp,p_prime,1.6666666666666667,6,0.901048719994992,0
1,1.4142135623730951,strong,1.5,P_h,2,2.0,6,0.8660254037844418,0
1,1.4142135623730951,strong,1.5,P_h,p,1.5,6,0.9001255258951245,0
1,1.4142135623730951,strong,1.5,P_h,p_prime,3.0,6,0.8430968310889211,0
1,1.4142135623730951,strong,1.5,P_h_perp,2,2.0,6,0.8864052604279209,0
1,1.4142135623730951,strong,1.5,P_h_perp,p,1.5,6,0.9548609408790981,0
1,1.4142135623730951,strong,1.5,P_h_perp,p_prime,3.0,6,0.8139280597961696,0
1,1.4142135623730951,strong,2.5,P_h,2,2.0,6,0.8660254037844418,0
1,1.4142135623730951,strong,2.5,P_h,p,2.5,6,0.8552808894173859,0
1,1.4142135623730951,strong,2.5,P_h,p_prime,1.6666666666666667,6,0.8712214920740251,0
1,1.4142135623730951,strong,2.5,P_h_perp,2,2.0,6,0.8864052604279209,0
1,1.4142135623730951,strong,2.5,P_h_perp,p,2.5,6,0.842876925624543,0
1,1.4142135623730951,strong,2.5,P_h_perp,p_prime,1.6666666666666667,6,0.928290568446866,0
2,0.7071067811865476,multiplier,1.5,P_h,2,2.0,6,1.0000000000000002,0
2,0.7071067811865476,multiplier,1.5,P_h,p,1.5,6,1.0000000000000004,0
2,0.7071067811865476,multiplier,1.5,P_h,p_prime,3.0,6,1.0011125502661578,0
2,0.7071067811865476,multiplier,1.5,P_h_perp,2,2.0,6,0.7351937751391869,0
2,0.7071067811865476,multiplier,1.5,P_h_perp,p,1.5,6,0.9404341751182514,0
2,0.7071067811865476,multiplier,1.5,P_h_perp,p_prime,3.0,6,0.690431306651991,0
2,0.7071067811865476,multiplier,2.5,P_h,2,2.0,6,1.0000000000000002,0
2,0.7071067811865476,multiplier,2.5,P_h,p,2.5,6,0.9999999999999998,0
2,0.7071067811865476,multiplier,2.5,P_h,p_prime,1.6666666666666667,6,1.0000000000000002,0
2,0.7071067811865476,multiplier,2.5,P_h_perp,2,2.0,6,0.7351937751391869,0
2,0.7071067811865476,multiplier,2.5,P_h_perp,p,2.5,6,0.7003537296097988,0
2,0.7071067811865476,multiplier,2.5,P_h_perp,p_prime,1.6666666666666667,6,0.8421108468250063,0
2,0.7071067811865476,strong,1.5,P_h,2,2.0,6,1.0000000000000002,0
2,0.7071067811865476,strong,1.5,P_h,p,1.5,6,1.0000000000000007,0
2,0.7071067811865476,strong,1.5,P_h,p_prime,3.0,6,0.9999999999999997,0
2,0.7071067811865476,strong,1.5,P_h_perp,2,2.0,6,0.7741651987573469,0
2,0.7071067811865476,strong,1.5,P_h_perp,p,1.5,6,0.9397011432974809,0
2,0.7071067811865476,strong,1.5,P_h_perp,p_prime,3.0,6,0.7069738461516897,0
2,0.7071067811865476,strong,2.5,P_h,2,2.0,6,1.0000000000000002,0
2,0.7071067811865476,strong,2.5,P_h,p,2.5,6,0.9999999999999998,0
2,0.7071067811865476,strong,2.5,P_h,p_prime,1.6666666666666667,6,1.0000000000000004,0
2,0.7071067811865476,strong,2.5,P_h_perp,2,2.0,6,0.7741651987573469,0
2,0.7071067811865476,strong,2.5,P_h_perp,p,2.5,6,0.7308893755659827,0
2,0.7071067811865476,strong,2.5,P_h_perp,p_prime,1.6666666666666667,6,0.8444809817392577,0
3,0.47140452079103173,multiplier,1.5,P_h,2,2.0,6,1.0000000000000002,0
3,0.47140452079103173,multiplier,1.5,P_h,p,1.5,6,1.0301556080551244,0
3,0.47140452079103173,multiplier,1.5,P_h,p_prime,3.0,6,1.0014606960750967,0
3,0.47140452079103173,multiplier,1.5,P_h_perp,2,2.0,6,0.7341385513756715,0
3,0.47140452079103173,multiplier,1.5,P_h_perp,p,1.5,6,0.950696317457711,0
3,0.47140452079103173,multiplier,1.5,P_h_perp,p_prime,3.0,6,0.7016837630529467,0
3,0.47140452079103173,multiplier,2.5,P_h,2,2.0,6,1.0000000000000002,0
3,0.47140452079103173,multiplier,2.5,P_h,p,2.5,6,1.0000000000000002,0
3,0.47140452079103173,multiplier,2.5,P_h,p_prime,1.6666666666666667,6,1.0000000000000007,0
3,0.47140452079103173,multiplier,2.5,P_h_perp,2,2.0,6,0.7341385513756715,0
3,0.47140452079103173,multiplier,2.5,P_h_perp,p,2.5,6,0.7143453917526476,0
3,0.47140452079103173,multiplier,2.5,P_h_perp,p_prime,1.6666666666666667,6,0.8429036313900712,0
3,0.47140452079103173,strong,1.5,P_h,2,2.0,6,1.0000000000000002,0
3,0.47140452079103173,strong,1.5,P_h,p,1.5,6,1.0298541362989946,0
3,0.47140452079103173,strong,1.5,P_h,p_prime,3.0,6,1.0,0
3,0.47140452079103173,strong,1.5,P_h_perp,2,2.0,6,0.7714304378269012,0
3,0.47140452079103173,strong,1.5,P_h_perp,p,1.5,6,0.948613083211506,0
3,0.47140452079103173,strong,1.5,P_h_perp,p_prime,3.0,6,0.704255433593243,0
3,0.47140452079103173,strong,2.5,P_h,2,2.0,6,1.0000000000000002,0
3,0.47140452079103173,strong,2.5,P_h,p,2.5,6,1.0,0
3,0.47140452079103173,strong,2.5,P_h,p_prime,1.6666666666666667,6,1.0000000000000007,0
3,0.47140452079103173,strong,2.5,P_h_perp,2,2.0,6,0.7714304378269012,0
3,0.47140452079103173,strong,2.5,P_h_perp,p,2.5,6,0.7280511672973319,0
3,0.47140452079103173,strong,2.5,P_h_perp,p_prime,1.6666666666666667,6,0.8438751212966381,0
4,0.3535533905932738,multiplier,1.5,P_h,2,2.0,6,1.0000000000000002,0
4,0.3535533905932738,multiplier,1.5,P_h,p,1.5,6,1.0719058872716665,0
4,0.3535533905932738,multiplier,1.5,P_h,p_prime,3.0,6,1.0000000000000002,0
4,0.3535533905932738,multiplier,1.5,P_h_perp,2,2.0,6,0.7427991655388333,0
4,0.3535533905932738,multiplier,1.5,P_h_perp,p,1.5,6,0.9542216013403576,0
4,0.3535533905932738,multiplier,1.5,P_h_perp,p_prime,3.0,6,0.7054034508417817,0
4,0.3535533905932738,multiplier,2.5,P_h,2,2.0,6,1.0000000000000002,0
4,0.3535533905932738,multiplier,2.5,P_h,p,2.5,6,1.0000000000000002,0
4,0.3535533905932738,multiplier,2.5,P_h,p_prime,1.6666666666666667,6,1.0000000000000004,0
4,0.3535533905932738,multiplier,2.5,P_h_perp,2,2.0,6,0.7427991655388333,0
4,0.3535533905932738,multiplier,2.5,P_h_perp,p,2.5,6,0.7203718098152693,0
4,0.3535533905932738,multiplier,2.5,P_h_perp,p_prime,1.6666666666666667,6,0.8436808578481686,0
4,0.3535533905932738,strong,1.5,P_h,2,2.0,6,1.0000000000000002,0
4,0.3535533905932738,strong,1.5,P_h,p,1.5,6,1.0718516430815808,0
4,0.3535533905932738,strong,1.5,P_h,p_prime,3.0,6,1.0000000000000002,0
4,0.3535533905932738,strong,1.5,P_h_perp,2,2.0,6,0.7711258571240355,0
4,0.3535533905932738,strong,1.5,P_h_perp,p,1.5,6,0.9534531582997271,0
4,0.3535533905932738,strong,1.5,P_h_perp,p_prime,3.0,6,0.7039546770013874,0
4,0.3535533905932738,strong,2.5,P_h,2,2.0,6,1.0000000000000002,0
4,0.3535533905932738,strong,2.5,P_h,p,2.5,6,1.0000000000000002,0
4,0.3535533905932738,strong,2.5,P_h,p_prime,1.6666666666666667,6,1.0000000000000004,0
4,0.3535533905932738,strong,2.5,P_h_perp,2,2.0,6,0.7711258571240355,0
4,0.3535533905932738,strong,2.5,P_h_perp,p,2.5,6,0.7277531575644791,0
4,0.3535533905932738,strong,2.5,P_h_perp,p_prime,1.6666666666666667,6,0.8439374104940399,0
5,0.2828427124746191,multiplier,1.5,P_h,2,2.0,6,1.0000000000000002,0
5,0.2828427124746191,multiplier,1.5,P_h,p,1.5,6,1.0929001420160132,0
5,0.2828427124746191,multiplier,1.5,P_h,p_prime,3.0,6,1.0000000000000002,0
5,0.2828427124746191,multiplier,1.5,P_h_perp,2,2.0,6,0.7481191592404965,0
5,0.2828427124746191,multiplier,1.5,P_h_perp,p,1.5,6,0.9624792255923119,0
5,0.2828427124746191,multiplier,1.5,P_h_perp,p_prime,3.0,6,0.7067460459706404,0
5,0.2828427124746191,multiplier,2.5,P_h,2,2.0,6,1.0000000000000002,0
5,0.2828427124746191,multiplier,2.5,P_h,p,2.5,6,1.0000000000000002,0
5,0.2828427124746191,multiplier,2.5,P_h,p_prime,1.6666666666666667,6,1.0000000000000004,0
5,0.2828427124746191,multiplier,2.5,P_h_perp,2,2.0,6,0.7481191592404965,0
5,0.2828427124746191,multiplier,2.5,P_h_perp,p,2.5,6,0.7233936115327739,0
5,0.2828427124746191,multiplier,2.5,P_h_perp,p_prime,1.6666666666666667,6,0.8441121419727439,0
5,0.2828427124746191,strong,1.5,P_h,2,2.0,6,1.0000000000000002,0
5,0.2828427124746191,strong,1.5,P_h,p,1.5,6,1.0928740429336241,0
5,0.2828427124746191,strong,1.5,P_h,p_prime,3.0,6,1.0000000000000002,0
5,0.2828427124746191,strong,1.5,P_h_perp,2,2.0,6,0.7710454199941733,0
5,0.2828427124746191,strong,1.5,P_h_perp,p,1.5,6,0.9625085945934407,0
5,0.2828427124746191,strong,1.5,P_h_perp,p_prime,3.0,6,0.7038751993493026,0
5,0.2828427124746191,strong,2.5,P_h,2,2.0,6,1.0000000000000002,0
5,0.2828427124746191,strong,2.5,P_h,p,2.5,6,1.0000000000000002,0
5,0.2828427124746191,strong,2.5,P_h,p_prime,1.6666666666666667,6,1.0000000000000004,0
5,0.2828427124746191,strong,2.5,P_h_perp,2,2.0,6,0.7710454199941733,0
5,0.2828427124746191,strong,2.5,P_h_perp,p,2.5,6,0.7276757716378149,0
5,0.2828427124746191,strong,2.5,P_h_perp,p_prime,1.6666666666666667,6,0.8440130480515803,0
6,0.23570226039551595,multiplier,1.5,P_h,2,2.0,6,1.0000000000000002,0
6,0.23570226039551595,multiplier,1.5,P_h,p,1.5,6,1.1047782877863048,0
6,0.23570226039551595,multiplier,1.5,P_h,p_prime,3.0,6,1.0000000000000002,0
6,0.23570226039551595,multiplier,1.5,P_h_perp,2,2.0,6,0.7517459050400895,0
6,0.23570226039551595,multiplier,1.5,P_h_perp,p,1.5,6,0.9679379564088259,0
6,0.23570226039551595,multiplier,1.5,P_h_perp,p_prime,3.0,6,0.7072287901453744,0
6,0.23570226039551595,multiplier,2.5,P_h,2,2.0,6,1.0000000000000002,0
6,0.23570226039551595,multiplier,2.5,P_h,p,2.5,6,1.0000000000000004,0
6,0.23570226039551595,multiplier,2.5,P_h,p_prime,1.6666666666666667,6,1.0000000000000007,0
6,0.23570226039551595,multiplier,2.5,P_h_perp,2,2.0,6,0.7517459050400895,0
6,0.23570226039551595,multiplier,2.5,P_h_perp,p,2.5,6,0.7251041681478256,0
6,0.23570226039551595,multiplier,2.5,P_h_perp,p_prime,1.6666666666666667,6,0.8443600634674718,0
6,0.23570226039551595,strong,1.5,P_h,2,2.0,6,1.0000000000000002,0
6,0.23570226039551595,strong,1.5,P_h,p,1.5,6,1.1047790498951864,0
6,0.23570226039551595,strong,1.5,P_h,p_prime,3.0,6,1.0000000000000004,0
6,0.23570226039551595,strong,1.5,P_h_perp,2,2.0,6,0.7710164334309544,0
6,0.23570226039551595,strong,1.5,P_h_perp,p,1.5,6,0.9679474158361088,0
6,0.23570226039551595,strong,1.5,P_h_perp,p_prime,3.0,6,0.7038465961922105,0
6,0.23570226039551595,strong,2.5,P_h,2,2.0,6,1.0000000000000002,0
6,0.23570226039551595,strong,2.5,P_h,p,2.5,6,1.0000000000000004,0
6,0.23570226039551595,strong,2.5,P_h,p_prime,1.6666666666666667,6,1.0000000000000004,0
6,0.23570226039551595,strong,2.5,P_h_perp,2,2.0,6,0.7710164334309544,0
6,0.23570226039551595,strong,2.5,P_h_perp,p,2.5,6,0.7276481934756462,0
6,0.23570226039551595,strong,2.5,P_h_perp,p_prime,1.6666666666666667,6,0.8440606892680954,0
7,0.20203050891044222,multiplier,1.5,P_h,2,2.0,6,1.0000000000000004,0
7,0.20203050891044222,multiplier,1.5,P_h,p,1.5,6,1.1139449250020552,0
7,0.20203050891044222,multiplier,1.5,P_h,p_prime,3.0,6,1.0000000000000004,0
7,0.20203050891044222,multiplier,1.5,P_h_perp,2,2.0,6,0.7543801528530534,0
7,0.20203050891044222,multiplier,1.5,P_h_perp,p,1.5,6,0.972807378739436,0
7,0.20203050891044222,multiplier,1.5,P_h_perp,p_prime,3.0,6,0.7073568006775323,0
7,0.20203050891044222,multiplier,2.5,P_h,2,2.0,6,1.0000000000000004,0
7,0.20203050891044222,multiplier,2.5,P_h,p,2.5,6,1.0000000000000004,0
7,0.20203050891044222,multiplier,2.5,P_h,p_prime,1.6666666666666667,6,1.00043317741033,0
7,0.20203050891044222,multiplier,2.5,P_h_perp,2,2.0,6,0.7543801528530534,0
7,0.20203050891044222,multiplier,2.5,P_h_perp,p,2.5,6,0.7261502633867052,0
7,0.20203050891044222,multiplier,2.5,P_h_perp,p_prime,1.6666666666666667,6,0.8445114274576081,0
7,0.20203050891044222,strong,1.5,P_h,2,2.0,6,1.0000000000000002,0
7,0.20203050891044222,strong,1.5,P_h,p,1.5,6,1.11394566018111,0
7,0.20203050891044222,strong,1.5,P_h,p_prime,3.0,6,1.0000000000000004,0
7,0.20203050891044222,strong,1.5,P_h_perp,2,2.0,6,0.7710039593311824,0
7,0.20203050891044222,strong,1.5,P_h_perp,p,1.5,6,0.9728108541478739,0
7,0.20203050891044222,strong,1.5,P_h_perp,p_prime,3.0,6,0.7038343031013036,0
7,0.20203050891044222,strong,2.5,P_h,2,2.0,6,1.0000000000000002,0
7,0.20203050891044222,strong,2.5,P_h,p,2.5,6,1.0000000000000002,0
7,0.20203050891044222,strong,2.5,P_h,p_prime,1.6666666666666667,6,1.0004331775060766,0
7,0.20203050891044222,strong,2.5,P_h_perp,2,2.0,6,0.7710039593311824,0
7,0.20203050891044222,strong,2.5,P_h_perp,p,2.5,6,0.7276364246294557,0
7,0.20203050891044222,strong,2.5,P_h_perp,p_prime,1.6666666666666667,6,0.8440894018630036,0
8,0.1767766952966369,multiplier,1.5,P_h,2,2.0,6,1.0000000000000004,0
8,0.1767766952966369,multiplier,1.5,P_h,p,1.5,6,1.1200815711218037,0
8,0.1767766952966369,multiplier,1.5,P_h,p_prime,3.0,6,1.0000000000000004,0
8,0.1767766952966369,multiplier,1.5,P_h_perp,2,2.0,6,0.7563804538836899,0
8,0.1767766952966369,multiplier,1.5,P_h_perp,p,1.5,6,0.9757877557129363,0
8,0.1767766952966369,multiplier,1.5,P_h_perp,p_prime,3.0,6,0.7073286078814323,0
8,0.1767766952966369,multiplier,2.5,P_h,2,2.0,6,1.0000000000000004,0
8,0.1767766952966369,multiplier,2.5,P_h,p,2.5,6,1.0000000000000002,0
8,0.1767766952966369,multiplier,2.5,P_h,p_prime,1.6666666666666667,6,1.002801229408323,0
8,0.1767766952966369,multiplier,2.5,P_h_perp,2,2.0,6,0.7563804538836899,0
8,0.1767766952966369,multiplier,2.5,P_h_perp,p,2.5,6,0.7268254156105126,0
8,0.1767766952966369,multiplier,2.5,P_h_perp,p_prime,1.6666666666666667,6,0.8446076556402483,0
8,0.1767766952966369,strong,1.5,P_h,2,2.0,6,1.0000000000000004,0
8,0.1767766952966369,strong,1.5,P_h,p,1.5,6,1.1200819945737535,0
8,0.1767766952966369,strong,1.5,P_h,p_prime,3.0,6,1.0000000000000002,0
8,0.1767766952966369,strong,1.5,P_h_perp,2,2.0,6,0.7709978873129222,0
8,0.1767766952966369,strong,1.5,P_h_perp,p,1.5,6,0.9757889794494918,0
8,0.1767766952966369,strong,1.5,P_h_perp,p_prime,3.0,6,0.7038283237844454,0
8,0.1767766952966369,strong,2.5,P_h,2,2.0,6,1.0000000000000004,0
8,0.1767766952966369,strong,2.5,P_h,p,2.5,6,1.0000000000000002,0
8,0.1767766952966369,strong,2.5,P_h,p_prime,1.6666666666666667,6,1.0028013280648562,0
8,0.1767766952966369,strong,2.5,P_h_perp,2,2.0,6,0.7709978873129222,0
8,0.1767766952966369,strong,2.5,P_h_perp,p,2.5,6,0.7276307290958755,0
8,0.1767766952966369,strong,2.5,P_h_perp,p_prime,1.6666666666666667,6,0.8441073763642469,0
9,0.1571348402636773,multiplier,1.5,P_h,2,2.0,6,1.0000000000000004,0
9,0.1571348402636773,multiplier,1.5,P_h,p,1.5,6,1.126412642777757,0
9,0.1571348402636773,multiplier,1.5,P_h,p_prime,3.0,6,1.0000000000000004,0
9,0.1571348402636773,multiplier,1.5,P_h_perp,2,2.0,6,0.7579510059234308,0
9,0.1571348402636773,multiplier,1.5,P_h_perp,p,1.5,6,0.9788248161444982,0
9,0.1571348402636773,multiplier,1.5,P_h_perp,p_prime,3.0,6,0.7072307595921844,0
9,0.1571348402636773,multiplier,2.5,P_h,2,2.0,6,1.0000000000000004,0
9,0.1571348402636773,multiplier,2.5,P_h,p,2.5,6,1.0000000000000002,0
9,0.1571348402636773,multiplier,2.5,P_h,p_prime,1.6666666666666667,6,1.0046975270828247,0
9,0.1571348402636773,multiplier,2.5,P_h_perp,2,2.0,6,0.7579510059234308,0
9,0.1571348402636773,multiplier,2.5,P_h_perp,p,2.5,6,0.7272795287861223,0
9,0.1571348402636773,multiplier,2.5,P_h_perp,p_prime,1.6666666666666667,6,0.8446702057943373,0
9,0.1571348402636773,strong,1.5,P_h,2,2.0,6,1.0000000000000002,0
9,0.1571348402636773,strong,1.5,P_h,p,1.5,6,1.1264128576328338,0
9,0.1571348402636773,strong,1.5,P_h,p_prime,3.0,6,1.0000000000000004,0
9,0.1571348402636773,strong,1.5,P_h_perp,2,2.0,6,0.7709946491281148,0
9,0.1571348402636773,strong,1.5,P_h_perp,p,1.5,6,0.9788257516031657,0
9,0.1571348402636773,strong,1.5,P_h_perp,p_prime,3.0,6,0.7038251365743595,0
9,0.1571348402636773,strong,2.5,P_h,2,2.0,6,1.0000000000000002,0
9,0.1571348402636773,strong,2.5,P_h,p,2.5,6,1.0000000000000002,0
9,0.1571348402636773,strong,2.5,P_h,p_prime,1.6666666666666667,6,1.0046975908471412,0
9,0.1571348402636773,strong,2.5,P_h_perp,2,2.0,6,0.7709946491281148,0
9,0.1571348402636773,strong,2.5,P_h_perp,p,2.5,6,0.7276277043818788,0
9,0.1571348402636773,strong,2.5,P_h_perp,p_prime,1.6666666666666667,6,0.8441191053532818,0
10,0.14142135623730964,multiplier,1.5,P_h,2,2.0,6,1.0000000000000004,0
10,0.14142135623730964,multiplier,1.5,P_h,p,1.5,6,1.1301237968861135,0
10,0.14142135623730964,multiplier,1.5,P_h,p_prime,3.0,6,1.0000000000000004,0
10,0.14142135623730964,multiplier,1.5,P_h_perp,2,2.0,6,0.759216811256729,0
10,0.14142135623730964,multiplier,1.5,P_h_perp,p,1.5,6,0.9807848293778321,0
10,0.14142135623730964,multiplier,1.5,P_h_perp,p_prime,3.0,6,0.7071034810377638,0
10,0.14142135623730964,multiplier,2.5,P_h,2,2.0,6,1.0000000000000004,0
10,0.14142135623730964,multiplier,2.5,P_h,p,2.5,6,1.0000000000000004,0
10,0.14142135623730964,multiplier,2.5,P_h,p_prime,1.6666666666666667,6,1.0059806576741732,0
10,0.14142135623730964,multiplier,2.5,P_h_perp,2,2.0,6,0.759216811256729,0
10,0.14142135623730964,multiplier,2.5,P_h_perp,p,2.5,6,0.7275947838505838,0
10,0.14142135623730964,multiplier,2.5,P_h_perp,p_prime,1.6666666666666667,6,0.8447112570773344,0
10,0.14142135623730964,strong,1.5,P_h,2,2.0,6,1.0000000000000002,0
10,0.14142135623730964,strong,1.5,P_h,p,1.5,6,1.1301239335016837,0
10,0.14142135623730964,strong,1.5,P_h,p_prime,3.0,6,1.0000000000000004,0
10,0.14142135623730964,strong,1.5,P_h_perp,2,2.0,6,0.7709927960138431,0
10,0.14142135623730964,strong,1.5,P_h_perp,p,1.5,6,0.9807852399303881,0
10,0.14142135623730964,strong,1.5,P_h_perp,p_prime,3.0,6,0.7038233132233821,0
10,0.14142135623730964,strong,2.5,P_h,2,2.0,6,1.0000000000000002,0
10,0.14142135623730964,strong,2.5,P_h,p,2.5,6,1.0000000000000004,0
10,0.14142135623730964,strong,2.5,P_h,p_prime,1.6666666666666667,6,1.0059806895986387,0
10,0.14142135623730964,strong,2.5,P_h_perp,2,2.0,6,0.7709927960138431,0
10,0.14142135623730964,strong,2.5,P_h_perp,p,2.5,6,0.7276259788615516,0
10,0.14142135623730964,strong,2.5,P_h_perp,p_prime,1.6666666666666667,6,0.8441270477184415,0
11,0.12856486930664504,multiplier,1.5,P_h,2,2.0,6,1.0000000000000004,0
11,0.12856486930664504,multiplier,1.5,P_h,p,1.5,6,1.1339418738300784,0
11,0.12856486930664504,multiplier,1.5,P_h,p_prime,3.0,6,1.0000000000000004,0
11,0.12856486930664504,multiplier,1.5,P_h_perp,2,2.0,6,0.7602586893392699,0
11,0.12856486930664504,multiplier,1.5,P_h_perp,p,1.5,6,0.9828162834622554,0
11,0.12856486930664504,multiplier,1.5,P_h_perp,p_prime,3.0,6,0.7069661191365619,0
11,0.12856486930664504,multiplier,2.5,P_h,2,2.0,6,1.0000000000000004,0
11,0.12856486930664504,multiplier,2.5,P_h,p,2.5,6,1.0000000000000004,0
11,0.12856486930664504,multiplier,2.5,P_h,p_prime,1.6666666666666667,6,1.0070698582713267,0
11,0.12856486930664504,multiplier,2.5,P_h_perp,2,2.0,6,0.7602586893392699,0
11,0.12856486930664504,multiplier,2.5,P_h_perp,p,2.5,6,0.7278180309854312,0
11,0.12856486930664504,multiplier,2.5,P_h_perp,p_prime,1.6666666666666667,6,0.8447381326113529,0
11,0.12856486930664504,strong,1.5,P_h,2,2.0,6,1.0000000000000004,0
11,0.12856486930664504,strong,1.5,P_h,p,1.5,6,1.1339419505034267,0
11,0.12856486930664504,strong,1.5,P_h,p_prime,3.0,6,1.0000000000000007,0
11,0.12856486930664504,strong,1.5,P_h_perp,2,2.0,6,0.7709916742065641,0
11,0.12856486930664504,strong,1.5,P_h_perp,p,1.5,6,0.982816665043202,0
11,0.12856486930664504,strong,1.5,P_h_perp,p_prime,3.0,6,0.7038222096833828,0
11,0.12856486930664504,strong,2.5,P_h,2,2.0,6,1.0000000000000004,0
11,0.12856486930664504,strong,2.5,P_h,p,2.5,6,1.0000000000000002,0
11,0.12856486930664504,strong,2.5,P_h,p_prime,1.6666666666666667,6,1.007069878761646,0
11,0.12856486930664504,strong,2.5,P_h_perp,2,2.0,6,0.7709916742065641,0
11,0.12856486930664504,strong,2.5,P_h_perp,p,2.5,6,0.7276249368284339,0
11,0.12856486930664504,strong,2.5,P_h_perp,p_prime,1.6666666666666667,6,0.8441326018357996,0
12,0.11785113019775798,multiplier,1.5,P_h,2,2.0,6,1.0000000000000002,0
12,0.11785113019775798,multiplier,1.5,P_h,p,1.5,6,1.136429562418241,0
12,0.11785113019775798,multiplier,1.5,P_h,p_prime,3.0,6,1.0000000000000004,0
12,0.11785113019775798,multiplier,1.5,P_h_perp,2,2.0,6,0.7611312110353435,0
12,0.11785113019775798,multiplier,1.5,P_h_perp,p,1.5,6,0.9842139544620093,0
12,0.11785113019775798,multiplier,1.5,P_h_perp,p_prime,3.0,6,0.7068283336579749,0
12,0.11785113019775798,multiplier,2.5,P_h,2,2.0,6,1.0000000000000002,0
12,0.11785113019775798,multiplier,2.5,P_h,p,2.5,6,1.0000000000000002,0
12,0.11785113019775798,multiplier,2.5,P_h,p_prime,1.6666666666666667,6,1.0078648918755122,0
12,0.11785113019775798,multiplier,2.5,P_h_perp,2,2.0,6,0.7611312110353435,0
12,0.11785113019775798,multiplier,2.5,P_h_perp,p,2.5,6,0.7279784742523852,0
12,0.11785113019775798,multiplier,2.5,P_h_perp,p_prime,1.6666666666666667,6,0.8447553898488298,0
12,0.11785113019775798,strong,1.5,P_h,2,2.0,6,1.0000000000000004,0
12,0.11785113019775798,strong,1.5,P_h,p,1.5,6,1.1364296150645206,0
12,0.11785113019775798,strong,1.5,P_h,p_prime,3.0,6,1.0000000000000004,0
12,0.11785113019775798,strong,1.5,P_h_perp,2,2.0,6,0.7709909632126819,0
12,0.11785113019775798,strong,1.5,P_h_perp,p,1.5,6,0.9842141642256483,0
12,0.11785113019775798,strong,1.5,P_h_perp,p_prime,3.0,6,0.7038215103804236,0
12,0.11785113019775798,strong,2.5,P_h,2,2.0,6,1.0000000000000004,0
12,0.11785113019775798,strong,2.5,P_h,p,2.5,6,1.0000000000000004,0
12,0.11785113019775798,strong,2.5,P_h,p_prime,1.6666666666666667,6,1.0078649036373404,0
12,0.11785113019775798,strong,2.5,P_h_perp,2,2.0,6,0.7709909632126819,0
12,0.11785113019775798,strong,2.5,P_h_perp,p,2.5,6,0.7276242776623918,0
12,0.11785113019775798,strong,2.5,P_h_perp,p_prime,1.6666666666666667,6,0.8441365954186801,0
13,0.10878565864408432,multiplier,1.5,P_h,2,2.0,6,1.0000000000000002,0
13,0.10878565864408432,multiplier,1.5,P_h,p,1.5,6,1.1389819871204516,0
13,0.10878565864408432,multiplier,1.5,P_h,p_prime,3.0,6,1.0000000000000004,0
13,0.10878565864408432,multiplier,1.5,P_h_perp,2,2.0,6,0.761872552602963,0
13,0.10878565864408432,multiplier,1.5,P_h_perp,p,1.5,6,0.9856586257088273,0
13,0.10878565864408432,multiplier,1.5,P_h_perp,p_prime,3.0,6,0.7066949190241449,0
13,0.10878565864408432,multiplier,2.5,P_h,2,2.0,6,1.0000000000000002,0
13,0.10878565864408432,multiplier,2.5,P_h,p,2.5,6,1.0000000000000004,0
13,0.10878565864408432,multiplier,2.5,P_h,p_prime,1.6666666666666667,6,1.0085617430007108,0
13,0.10878565864408432,multiplier,2.5,P_h_perp,2,2.0,6,0.761872552602963,0
13,0.10878565864408432,multiplier,2.5,P_h_perp,p,2.5,6,0.7280949973083927,0
13,0.10878565864408432,multiplier,2.5,P_h_perp,p_prime,1.6666666666666667,6,0.8447659747635612,0
13,0.10878565864408432,strong,1.5,P_h,2,2.0,6,1.0000000000000002,0
13,0.10878565864408432,strong,1.5,P_h,p,1.5,6,1.1389820192535844,0
13,0.10878565864408432,strong,1.5,P_h,p_prime,3.0,6,1.0000000000000004,0
13,0.10878565864408432,strong,1.5,P_h_perp,2,2.0,6,0.7709904950485366,0
13,0.10878565864408432,strong,1.5,P_h_perp,p,1.5,6,0.985658810817733,0
13,0.10878565864408432,strong,1.5,P_h_perp,p_prime,3.0,6,0.7038210499689942,0
13,0.10878565864408432,strong,2.5,P_h,2,2.0,6,1.0000000000000002,0
13,0.10878565864408432,strong,2.5,P_h,p,2.5,6,1.0000000000000004,0
13,0.10878565864408432,strong,2.5,P_h,p_prime,1.6666666666666667,6,1.0085617508520992,0
13,0.10878565864408432,strong,2.5,P_h_perp,2,2.0,6,0.7709904950485366,0
13,0.10878565864408432,strong,2.5,P_h_perp,p,2.5,6,0.7276238442972764,0
13,0.10878565864408432,strong,2.5,P_h_perp,p_prime,1.6666666666666667,6,0.8441395370054046,0
14,0.10101525445522119,multiplier,1.5,P_h,2,2.0,6,1.0000000000000004,0
14,0.10101525445522119,multiplier,1.5,P_h,p,1.5,6,1.1407655931598177,0
14,0.10101525445522119,multiplier,1.5,P_h,p_prime,3.0,6,1.0000000000000004,0
14,0.10101525445522119,multiplier,1.5,P_h_perp,2,2.0,6,0.7625102210206456,0
14,0.10101525445522119,multiplier,1.5,P_h_perp,p,1.5,6,0.9867051357383433,0
14,0.10101525445522119,multiplier,1.5,P_h_perp,p_prime,3.0,6,0.7065681248417692,0
14,0.10101525445522119,multiplier,2.5,P_h,2,2.0,6,1.0000000000000004,0
14,0.10101525445522119,multiplier,2.5,P_h,p,2.5,6,1.0000000000000004,0
14,0.10101525445522119,multiplier,2.5,P_h,p_prime,1.6666666666666667,6,1.0090973270868995,0
14,0.10101525445522119,multiplier,2.5,P_h_perp,2,2.0,6,0.7625102210206456,0
14,0.10101525445522119,multiplier,2.5,P_h_perp,p,2.5,6,0.7281801514001712,0
14,0.10101525445522119,multiplier,2.5,P_h_perp,p_prime,1.6666666666666667,6,0.8447718465046086,0
14,0.10101525445522119,strong,1.5,P_h,2,2.0,6,1.0000000000000002,0
14,0.10101525445522119,strong,1.5,P_h,p,1.5,6,1.140765616664736,0
14,0.10101525445522119,strong,1.5,P_h,p_prime,3.0,6,1.0000000000000002,0
14,0.10101525445522119,strong,1.5,P_h_perp,2,2.0,6,0.7709901766666852,0
14,0.10101525445522119,strong,1.5,P_h_perp,p,1.5,6,0.9867052529943924,0
14,0.10101525445522119,strong,1.5,P_h_perp,p_prime,3.0,6,0.7038207368873208,0
14,0.10101525445522119,strong,2.5,P_h,2,2.0,6,1.0000000000000002,0
14,0.10101525445522119,strong,2.5,P_h,p,2.5,6,1.0000000000000002,0
14,0.10101525445522119,strong,2.5,P_h,p_prime,1.6666666666666667,6,1.009097332068681,0
14,0.10101525445522119,strong,2.5,P_h_perp,2,2.0,6,0.7709901766666852,0
14,0.10101525445522119,strong,2.5,P_h_perp,p,2.5,6,0.7276235499555761,0
14,0.10101525445522119,strong,2.5,P_h_perp,p_prime,1.6666666666666667,6,0.8441417497163449,0
15,0.09428090415820647,multiplier,1.5,P_h,2,2.0,6,1.0000000000000002,0
15,0.09428090415820647,multiplier,1.5,P_h,p,1.5,6,1.1425911141036451,0
15,0.09428090415820647,multiplier,1.5,P_h,p_prime,3.0,6,1.0000000000000004,0
15,0.09428090415820647,multiplier,1.5,P_h_perp,2,2.0,6,0.7630645370251993,0
15,0.09428090415820647,multiplier,1.5,P_h_perp,p,1.5,6,0.9877833999568036,0
15,0.09428090415820647,multiplier,1.5,P_h_perp,p_prime,3.0,6,0.7064488451329641,0
15,0.09428090415820647,multiplier,2.5,P_h,2,2.0,6,1.0000000000000002,0
15,0.09428090415820647,multiplier,2.5,P_h,p,2.5,6,1.0000000000000002,0
15,0.09428090415820647,multiplier,2.5,P_h,p_prime,1.6666666666666667,6,1.0095763374944962,0
15,0.09428090415820647,multiplier,2.5,P_h_perp,2,2.0,6,0.7630645370251993,0
15,0.09428090415820647,multiplier,2.5,P_h_perp,p,2.5,6,0.7282424582568806,0
15,0.09428090415820647,multiplier,2.5,P_h_perp,p_prime,1.6666666666666667,6,0.8447743417486316,0
15,0.09428090415820647,strong,1.5,P_h,2,2.0,6,1.0000000000000002,0
15,0.09428090415820647,strong,1.5,P_h,p,1.5,6,1.1425911293358648,0
15,0.09428090415820647,strong,1.5,P_h,p_prime,3.0,6,1.0000000000000004,0
15,0.09428090415820647,strong,1.5,P_h_perp,2,2.0,6,0.7709899540777047,0
15,0.09428090415820647,strong,1.5,P_h_perp,p,1.5,6,0.9877834995629662,0
15,0.09428090415820647,strong,1.5,P_h_perp,p_prime,3.0,6,0.7038205180186758,0
15,0.09428090415820647,strong,2.5,P_h,2,2.0,6,1.0000000000000002,0
15,0.09428090415820647,strong,2.5,P_h,p,2.5,6,1.0000000000000002,0
15,0.09428090415820647,strong,2.5,P_h,p_prime,1.6666666666666667,6,1.00957634098148,0
15,0.09428090415820647,strong,2.5,P_h_perp,2,2.0,6,0.7709899540777047,0
15,0.09428090415820647,strong,2.5,P_h_perp,p,2.5,6,0.7276233443913915,0
15,0.09428090415820647,strong,2.5,P_h_perp,p_prime,1.6666666666666667,6,0.8441434451017775,0
16,0.08838834764831845,multiplier,1.5,P_h,2,2.0,6,1.0000000000000004,0
16,0.08838834764831845,multiplier,1.5,P_h,p,1.5,6,1.1439322317262715,0
16,0.08838834764831845,multiplier,1.5,P_h,p_prime,3.0,6,1.0000000000000004,0
16,0.08838834764831845,multiplier,1.5,P_h_perp,2,2.0,6,0.7635508375295349,0
16,0.08838834764831845,multiplier,1.5,P_h_perp,p,1.5,6,0.9885958947015736,0
16,0.08838834764831845,multiplier,1.5,P_h_perp,p_prime,3.0,6,0.7063372545693233,0
16,0.08838834764831845,multiplier,2.5,P_h,2,2.0,6,1.0000000000000004,0
16,0.08838834764831845,multiplier,2.5,P_h,p,2.5,6,1.0000000000000004,0
16,0.08838834764831845,multiplier,2.5,P_h,p_prime,1.6666666666666667,6,1.0099584705439577,0
16,0.08838834764831845,multiplier,2.5,P_h_perp,2,2.0,6,0.7635508375295349,0
16,0.08838834764831845,multiplier,2.5,P_h_perp,p,2.5,6,0.7282878724087067,0
16,0.08838834764831845,multiplier,2.5,P_h_perp,p_prime,1.6666666666666667,6,0.8447743935458086,0
16,0.08838834764831845,strong,1.5,P_h,2,2.0,6,1.0000000000000004,0
16,0.08838834764831845,strong,1.5,P_h,p,1.5,6,1.143932243428971,0
16,0.08838834764831845,strong,1.5,P_h,p_prime,3.0,6,1.0000000000000004,0
16,0.08838834764831845,strong,1.5,P_h_perp,2,2.0,6,0.770989794689387,0
16,0.08838834764831845,strong,1.5,P_h_perp,p,1.5,6,0.9885959636277803,0
16,0.08838834764831845,strong,1.5,P_h_perp,p_prime,3.0,6,0.7038203613026065,0
16,0.08838834764831845,strong,2.5,P_h,2,2.0,6,1.0000000000000004,0
16,0.08838834764831845,strong,2.5,P_h,p,2.5,6,1.0000000000000004,0
16,0.08838834764831845,strong,2.5,P_h,p_prime,1.6666666666666667,6,1.0099584729033544,0
16,0.08838834764831845,strong,2.5,P_h_perp,2,2.0,6,0.770989794689387,0
16,0.08838834764831845,strong,2.5,P_h_perp,p,2.5,6,0.7276231973251929,0
16,0.08838834764831845,strong,2.5,P_h_perp,p_prime,1.6666666666666667,6,0.8441447654040826,0
17,0.08318903308077032,multiplier,1.5,P_h,2,2.0,6,1.0000000000000004,0
17,0.08318903308077032,multiplier,1.5,P_h,p,1.5,6,1.1453018828784614,0
17,0.08318903308077032,multiplier,1.5,P_h,p_prime,3.0,6,1.0000000000000004,0
17,0.08318903308077032,multiplier,1.5,P_h_perp,2,2.0,6,0.7639809149643496,0
17,0.08318903308077032,multiplier,1.5,P_h_perp,p,1.5,6,0.9894308300431433,0
17,0.08318903308077032,multiplier,1.5,P_h_perp,p_prime,3.0,6,0.706233151174478,0
17,0.08318903308077032,multiplier,2.5,P_h,2,2.0,6,1.0000000000000004,0
17,0.08318903308077032,multiplier,2.5,P_h,p,2.5,6,1.0000000000000004,0
17,0.08318903308077032,multiplier,2.5,P_h,p_prime,1.6666666666666667,6,1.010305166690064,0
17,0.08318903308077032,multiplier,2.5,P_h_perp,2,2.0,6,0.7639809149643496,0
17,0.08318903308077032,multiplier,2.5,P_h_perp,p,2.5,6,0.7283206385769578,0
17,0.08318903308077032,multiplier,2.5,P_h_perp,p_prime,1.6666666666666667,6,0.8447726660608893,0
17,0.08318903308077032,strong,1.5,P_h,2,2.0,6,1.0000000000000002,0
17,0.08318903308077032,strong,1.5,P_h,p,1.5,6,1.1453018908103956,0
17,0.08318903308077032,strong,1.5,P_h,p_prime,3.0,6,1.0000000000000002,0
17,0.08318903308077032,strong,1.5,P_h_perp,2,2.0,6,0.7709896781421418,0
17,0.08318903308077032,strong,1.5,P_h_perp,p,1.5,6,0.9894308878520166,0
17,0.08318903308077032,strong,1.5,P_h_perp,p_prime,3.0,6,0.7038202467140964,0
17,0.08318903308077032,strong,2.5,P_h,2,2.0,6,1.0000000000000002,0
17,0.08318903308077032,strong,2.5,P_h,p,2.5,6,1.0000000000000004,0
17,0.08318903308077032,strong,2.5,P_h,p_prime,1.6666666666666667,6,1.010305168408678,0
17,0.08318903308077032,strong,2.5,P_h_perp,2,2.0,6,0.7709896781421418,0
17,0.08318903308077032,strong,2.5,P_h_perp,p,2.5,6,0.7276230898697701,0
17,0.08318903308077032,strong,2.5,P_h_perp,p_prime,1.6666666666666667,6,0.8441458085599595,0
18,0.07856742013183865,multiplier,1.5,P_h,2,2.0,6,1.0000000000000004,0
18,0.07856742013183865,multiplier,1.5,P_h,p,1.5,6,1.146346775892639,0
18,0.07856742013183865,multiplier,1.5,P_h,p_prime,3.0,6,1.0000000000000004,0
18,0.07856742013183865,multiplier,1.5,P_h_perp,2,2.0,6,0.7643639851151003,0
18,0.07856742013183865,multiplier,1.5,P_h_perp,p,1.5,6,0.9900797371285665,0
18,0.07856742013183865,multiplier,1.5,P_h_perp,p_prime,3.0,6,0.7061361449697968,0
18,0.07856742013183865,multiplier,2.5,P_h,2,2.0,6,1.0000000000000004,0
18,0.07856742013183865,multiplier,2.5,P_h,p,2.5,6,1.0000000000000002,0
18,0.07856742013183865,multiplier,2.5,P_h,p_prime,1.6666666666666667,6,1.0105896265517442,0
18,0.07856742013183865,multiplier,2.5,P_h_perp,2,2.0,6,0.7643639851151003,0
18,0.07856742013183865,multiplier,2.5,P_h_perp,p,2.5,6,0.72834383316505,0
18,0.07856742013183865,multiplier,2.5,P_h_perp,p_prime,1.6666666666666667,6,0.8447696387763,0
18,0.07856742013183865,strong,1.5,P_h,2,2.0,6,1.0000000000000004,0
18,0.07856742013183865,strong,1.5,P_h,p,1.5,6,1.146346782218545,0
18,0.07856742013183865,strong,1.5,P_h,p_prime,3.0,6,1.0000000000000007,0
18,0.07856742013183865,strong,1.5,P_h_perp,2,2.0,6,0.7709895913327502,0
18,0.07856742013183865,strong,1.5,P_h_perp,p,1.5,6,0.9900797796200006,0
18,0.07856742013183865,strong,1.5,P_h_perp,p_prime,3.0,6,0.7038201613664736,0
18,0.07856742013183865,strong,2.5,P_h,2,2.0,6,1.0000000000000004,0
18,0.07856742013183865,strong,2.5,P_h,p,2.5,6,1.0000000000000004,0
18,0.07856742013183865,strong,2.5,P_h,p_prime,1.6666666666666667,6,1.0105896277708655,0
18,0.07856742013183865,strong,2.5,P_h_perp,2,2.0,6,0.7709895913327502,0
18,0.07856742013183865,strong,2.5,P_h_perp,p,2.5,6,0.7276230098846614,0
18,0.07856742013183865,strong,2.5,P_h_perp,p_prime,1.6666666666666667,6,0.8441466434453375,0
19,0.07443229275647877,multiplier,1.5,P_h,2,2.0,6,1.0000000000000002,0
19,0.07443229275647877,multiplier,1.5,P_h,p,1.5,6,1.1474118971945222,0
19,0.07443229275647877,multiplier,1.5,P_h,p_prime,3.0,6,1.0000000000000004,0
19,0.07443229275647877,multiplier,1.5,P_h_perp,2,2.0,6,0.7647073543023116,0
19,0.07443229275647877,multiplier,1.5,P_h_perp,p,1.5,6,0.9907450741074204,0
19,0.07443229275647877,multiplier,1.5,P_h_perp,p_prime,3.0,6,0.7060457631108624,0
19,0.07443229275647877,multiplier,2.5,P_h,2,2.0,6,1.0000000000000002,0
19,0.07443229275647877,multiplier,2.5,P_h,p,2.5,6,1.0000000000000004,0
19,0.07443229275647877,multiplier,2.5,P_h,p_prime,1.6666666666666667,6,1.010850534913462,0
19,0.07443229275647877,multiplier,2.5,P_h_perp,2,2.0,6,0.7647073543023116,0
19,0.07443229275647877,multiplier,2.5,P_h_perp,p,2.5,6,0.7283597193829249,0
19,0.07443229275647877,multiplier,2.5,P_h_perp,p_prime,1.6666666666666667,6,0.844765662470612,0
19,0.07443229275647877,strong,1.5,P_h,2,2.0,6,1.0000000000000002,0
19,0.07443229275647877,strong,1.5,P_h,p,1.5,6,1.1474119016360618,0
19,0.07443229275647877,strong,1.5,P_h,p_prime,3.0,6,1.0000000000000004,0
19,0.07443229275647877,strong,1.5,P_h_perp,2,2.0,6,0.7709895256038011,0
19,0.07443229275647877,strong,1.5,P_h_perp,p,1.5,6,0.9907451096975096,0
19,0.07443229275647877,strong,1.5,P_h_perp,p_prime,3.0,6,0.7038200967460458,0
19,0.07443229275647877,strong,2.5,P_h,2,2.0,6,1.0000000000000002,0
19,0.07443229275647877,strong,2.5,P_h,p,2.5,6,1.0000000000000004,0
19,0.07443229275647877,strong,2.5,P_h,p_prime,1.6666666666666667,6,1.0108505358296531,0
19,0.07443229275647877,strong,2.5,P_h_perp,2,2.0,6,0.7709895256038011,0
19,0.07443229275647877,strong,2.5,P_h_perp,p,2.5,6,0.7276229493571493,0
19,0.07443229275647877,strong,2.5,P_h_perp,p_prime,1.6666666666666667,6,0.8441473194286877,0
20,0.07071067811865482,multiplier,1.5,P_h,2,2.0,6,1.0000000000000004,0
20,0.07071067811865482,multiplier,1.5,P_h,p,1.5,6,1.14824879561889,0
20,0.07071067811865482,multiplier,1.5,P_h,p_prime,3.0,6,1.0000000000000004,0
20,0.07071067811865482,multiplier,1.5,P_h_perp,2,2.0,6,0.7650168894923007,0
20,0.07071067811865482,multiplier,1.5,P_h_perp,p,1.5,6,0.991275207123216,0
20,0.07071067811865482,multiplier,1.5,P_h_perp,p_prime,3.0,6,0.7059615083039641,0
20,0.07071067811865482,multiplier,2.5,P_h,2,2.0,6,1.0000000000000004,0
20,0.07071067811865482,multiplier,2.5,P_h,p,2.5,6,1.0000000000000002,0
20,0.07071067811865482,multiplier,2.5,P_h,p_prime,1.6666666666666667,6,1.0110693518741567,0
20,0.07071067811865482,multiplier,2.5,P_h_perp,2,2.0,6,0.7650168894923007,0
20,0.07071067811865482,multiplier,2.5,P_h_perp,p,2.5,6,0.7283699845063041,0
20,0.07071067811865482,multiplier,2.5,P_h_perp,p_prime,1.6666666666666667,6,0.8447609967748075,0
20,0.07071067811865482,strong,1.5,P_h,2,2.0,6,1.0000000000000004,0
20,0.07071067811865482,strong,1.5,P_h,p,1.5,6,1.148248799264842,0
20,0.07071067811865482,strong,1.5,P_h,p_prime,3.0,6,1.0000000000000004,0
20,0.07071067811865482,strong,1.5,P_h_perp,2,2.0,6,0.7709894751005117,0
20,0.07071067811865482,strong,1.5,P_h_perp,p,1.5,6,0.9912752344621398,0
20,0.07071067811865482,strong,1.5,P_h_perp,p_prime,3.0,6,0.7038200470955768,0
20,0.07071067811865482,strong,2.5,P_h,2,2.0,6,1.0000000000000004,0
20,0.07071067811865482,strong,2.5,P_h,p,2.5,6,1.0000000000000002,0
20,0.07071067811865482,strong,2.5,P_h,p_prime,1.6666666666666667,6,1.0110693525487549,0
20,0.07071067811865482,strong,2.5,P_h_perp,2,2.0,6,0.7709894751005117,0
20,0.07071067811865482,strong,2.5,P_h_perp,p,2.5,6,0.7276229028734675,0
20,0.07071067811865482,strong,2.5,P_h_perp,p_prime,1.6666666666666667,6,0.8441478725077805,0
21,0.06734350297014746,multiplier,1.5,P_h,2,2.0,6,1.0000000000000004,0
21,0.06734350297014746,multiplier,1.5,P_h,p,1.5,6,1.1491005227266178,0
21,0.06734350297014746,multiplier,1.5,P_h,p_prime,3.0,6,1.0000000000000004,0
21,0.06734350297014746,multiplier,1.5,P_h_perp,2,2.0,6,0.7652973560549474,0
21,0.06734350297014746,multiplier,1.5,P_h_perp,p,1.5,6,0.9918177173281921,0
21,0.06734350297014746,multiplier,1.5,P_h_perp,p_prime,3.0,6,0.7058828906838726,0
21,0.06734350297014746,multiplier,2.5,P_h,2,2.0,6,1.0000000000000004,0
21,0.06734350297014746,multiplier,2.5,P_h,p,2.5,6,1.0000000000000004,0
21,0.06734350297014746,multiplier,2.5,P_h,p_prime,1.6666666666666667,6,1.0112717942815053,0
21,0.06734350297014746,multiplier,2.5,P_h_perp,2,2.0,6,0.7652973560549474,0
21,0.06734350297014746,multiplier,2.5,P_h_perp,p,2.5,6,0.7283759019177026,0
21,0.06734350297014746,multiplier,2.5,P_h_perp,p_prime,1.6666666666666667,6,0.8447558357356235,0
21,0.06734350297014746,strong,1.5,P_h,2,2.0,6,1.0000000000000004,0
21,0.06734350297014746,strong,1.5,P_h,p,1.5,6,1.1491005253611641,0
21,0.06734350297014746,strong,1.5,P_h,p_prime,3.0,6,1.0000000000000004,0
21,0.06734350297014746,strong,1.5,P_h_perp,2,2.0,6,0.7709894357802317,0
21,0.06734350297014746,strong,1.5,P_h_perp,p,1.5,6,0.9918177403128169,0
21,0.06734350297014746,strong,1.5,P_h_perp,p_prime,3.0,6,0.7038200084399695,0
21,0.06734350297014746,strong,2.5,P_h,2,2.0,6,1.0000000000000004,0
21,0.06734350297014746,strong,2.5,P_h,p,2.5,6,1.0000000000000002,0
21,0.06734350297014746,strong,2.5,P_h,p_prime,1.6666666666666667,6,1.011271794801195,0
21,0.06734350297014746,strong,2.5,P_h_perp,2,2.0,6,0.7709894357802317,0
21,0.06734350297014746,strong,2.5,P_h_perp,p,2.5,6,0.727622866698516,0
21,0.06734350297014746,strong,2.5,P_h_perp,p_prime,1.6666666666666667,6,0.8441483293412638,0
22,0.0642824346533226,multiplier,1.5,P_h,2,2.0,6,1.0000000000000004,0
22,0.0642824346533226,multiplier,1.5,P_h,p,1.5,6,1.1497858115814676,0
22,0.0642824346533226,multiplier,1.5,P_h,p_prime,3.0,6,1.0000000000000004,0
22,0.0642824346533226,multiplier,1.5,P_h_perp,2,2.0,6,0.7655526646873834,0
22,0.0642824346533226,multiplier,1.5,P_h_perp,p,1.5,6,0.9922589186983476,0
22,0.0642824346533226,multiplier,1.5,P_h_perp,p_prime,3.0,6,0.7058094443688201,0
22,0.0642824346533226,multiplier,2.5,P_h,2,2.0,6,1.0000000000000004,0
22,0.0642824346533226,multiplier,2.5,P_h,p,2.5,6,1.0000000000000002,0
22,0.0642824346533226,multiplier,2.5,P_h,p_prime,1.6666666666666667,6,1.0114445878394016,0
22,0.0642824346533226,multiplier,2.5,P_h_perp,2,2.0,6,0.7655526646873834,0
22,0.0642824346533226,multiplier,2.5,P_h_perp,p,2.5,6,0.7283784422476803,0
22,0.0642824346533226,multiplier,2.5,P_h_perp,p_prime,1.6666666666666667,6,0.8447503255633931,0
22,0.0642824346533226,strong,1.5,P_h,2,2.0,6,1.0000000000000004,0
22,0.0642824346533226,strong,1.5,P_h,p,1.5,6,1.1497858137940609,0
22,0.0642824346533226,strong,1.5,P_h,p_prime,3.0,6,1.0000000000000007,0
22,0.0642824346533226,strong,1.5,P_h_perp,2,2.0,6,0.7709894047989085,0
22,0.0642824346533226,strong,1.5,P_h_perp,p,1.5,6,0.992258936958554,0
22,0.0642824346533226,strong,1.5,P_h_perp,p_prime,3.0,6,0.7038199779828103,0
22,0.0642824346533226,strong,2.5,P_h,2,2.0,6,1.0000000000000004,0
22,0.0642824346533226,strong,2.5,P_h,p,2.5,6,1.0000000000000002,0
22,0.0642824346533226,strong,2.5,P_h,p_prime,1.6666666666666667,6,1.0114445882338599,0
22,0.0642824346533226,strong,2.5,P_h_perp,2,2.0,6,0.7709894047989085,0
22,0.0642824346533226,strong,2.5,P_h_perp,p,2.5,6,0.7276228382064774,0
22,0.0642824346533226,strong,2.5,P_h_perp,p_prime,1.6666666666666667,6,0.8441487099518045,0
23,0.06148754619013468,multiplier,1.5,P_h,2,2.0,6,1.0000000000000002,0
23,0.06148754619013468,multiplier,1.5,P_h,p,1.5,6,1.1504822784591515,0
23,0.06148754619013468,multiplier,1.5,P_h,p_prime,3.0,6,1.0000000000000007,0
23,0.06148754619013468,multiplier,1.5,P_h_perp,2,2.0,6,0.7657860547773856,0
23,0.06148754619013468,multiplier,1.5,P_h_perp,p,1.5,6,0.9927096675876267,0
23,0.06148754619013468,multiplier,1.5,P_h_perp,p_prime,3.0,6,0.7057407351332312,0
23,0.06148754619013468,multiplier,2.5,P_h,2,2.0,6,1.0000000000000002,0
23,0.06148754619013468,multiplier,2.5,P_h,p,2.5,6,1.0000000000000004,0
23,0.06148754619013468,multiplier,2.5,P_h,p_prime,1.6666666666666667,6,1.0116055811783549,0
23,0.06148754619013468,multiplier,2.5,P_h_perp,2,2.0,6,0.7657860547773856,0
23,0.06148754619013468,multiplier,2.5,P_h_perp,p,2.5,6,0.7283783468455831,0
23,0.06148754619013468,multiplier,2.5,P_h_perp,p_prime,1.6666666666666667,6,0.8447445771413135,0
23,0.06148754619013468,strong,1.5,P_h,2,2.0,6,1.0000000000000004,0
23,0.06148754619013468,strong,1.5,P_h,p,1.5,6,1.1504822800968344,0
23,0.06148754619013468,strong,1.5,P_h,p_prime,3.0,6,1.0000000000000007,0
23,0.06148754619013468,strong,1.5,P_h_perp,2,2.0,6,0.7709893801216356,0
23,0.06148754619013468,strong,1.5,P_h_perp,p,1.5,6,0.9927096830322223,0
23,0.06148754619013468,strong,1.5,P_h_perp,p_prime,3.0,6,0.7038199537233475,0
23,0.06148754619013468,strong,2.5,P_h,2,2.0,6,1.0000000000000004,0
23,0.06148754619013468,strong,2.5,P_h,p,2.5,6,1.0000000000000004,0
23,0.06148754619013468,strong,2.5,P_h,p_prime,1.6666666666666667,6,1.011605581488437,0
23,0.06148754619013468,strong,2.5,P_h_perp,2,2.0,6,0.7709893801216356,0
23,0.06148754619013468,strong,2.5,P_h_perp,p,2.5,6,0.7276228155197796,0
23,0.06148754619013468,strong,2.5,P_h_perp,p_prime,1.6666666666666667,6,0.844149029572563,0
24,0.058925565098879064,multiplier,1.5,P_h,2,2.0,6,1.0000000000000004,0
24,0.058925565098879064,multiplier,1.5,P_h,p,1.5,6,1.1510536712381785,0
24,0.058925565098879064,multiplier,1.5,P_h,p_prime,3.0,6,1.0000000000000007,0
24,0.058925565098879064,multiplier,1.5,P_h_perp,2,2.0,6,0.7660002325070676,0
24,0.058925565098879064,multiplier,1.5,P_h_perp,p,1.5,6,0.9930825667036337,0
24,0.058925565098879064,multiplier,1.5,P_h_perp,p_prime,3.0,6,0.7056763636633394,0
24,0.058925565098879064,multiplier,2.5,P_h,2,2.0,6,1.0000000000000004,0
24,0.058925565098879064,multiplier,2.5,P_h,p,2.5,6,1.0000000000000004,0
24,0.058925565098879064,multiplier,2.5,P_h,p_prime,1.6666666666666667,6,1.011744989490746,0
24,0.058925565098879064,multiplier,2.5,P_h_perp,2,2.0,6,0.7660002325070676,0
24,0.058925565098879064,multiplier,2.5,P_h_perp,p,2.5,6,0.728376191959011,0
24,0.058925565098879064,multiplier,2.5,P_h_perp,p_prime,1.6666666666666667,6,0.844738675015035,0
24,0.058925565098879064,strong,1.5,P_h,2,2.0,6,1.0000000000000004,0
24,0.058925565098879064,strong,1.5,P_h,p,1.5,6,1.1510536726392464,0
24,0.058925565098879064,strong,1.5,P_h,p_prime,3.0,6,1.0000000000000004,0
24,0.058925565098879064,strong,1.5,P_h_perp,2,2.0,6,0.7709893602699509,0
24,0.058925565098879064,strong,1.5,P_h_perp,p,1.5,6,0.9930825793032548,0
24,0.058925565098879064,strong,1.5,P_h_perp,p_prime,3.0,6,0.7038199342079761,0
24,0.058925565098879064,strong,2.5,P_h,2,2.0,6,1.0000000000000004,0
24,0.058925565098879064,strong,2.5,P_h,p,2.5,6,1.0000000000000004,0
24,0.058925565098879064,strong,2.5,P_h,p_prime,1.6666666666666667,6,1.011744989732127,0
24,0.058925565098879064,strong,2.5,P_h_perp,2,2.0,6,0.7709893602699509,0
24,0.058925565098879064,strong,2.5,P_h_perp,p,2.5,6,0.7276227972750378,0
24,0.058925565098879064,strong,2.5,P_h_perp,p_prime,1.6666666666666667,6,0.8441492999300962,0
25,0.05656854249492385,multiplier,1.5,P_h,2,2.0,6,1.0000000000000004,0
25,0.05656854249492385,multiplier,1.5,P_h,p,1.5,6,1.151633690570531,0
25,0.05656854249492385,multiplier,1.5,P_h,p_prime,3.0,6,1.0000000000000004,0
25,0.05656854249492385,multiplier,1.5,P_h_perp,2,2.0,6,0.7661974762139586,0
25,0.05656854249492385,multiplier,1.5,P_h_perp,p,1.5,6,0.9934629797502147,0
25,0.05656854249492385,multiplier,1.5,P_h_perp,p_prime,3.0,6,0.7056159655197859,0
25,0.05656854249492385,multiplier,2.5,P_h,2,2.0,6,1.0000000000000004,0
25,0.05656854249492385,multiplier,2.5,P_h,p,2.5,6,1.0000000000000004,0
25,0.05656854249492385,multiplier,2.5,P_h,p_prime,1.6666666666666667,6,1.0118756411663,0
25,0.05656854249492385,multiplier,2.5,P_h_perp,2,2.0,6,0.7661974762139586,0
25,0.05656854249492385,multiplier,2.5,P_h_perp,p,2.5,6,0.7283724266479519,0
25,0.05656854249492385,multiplier,2.5,P_h_perp,p_prime,1.6666666666666667,6,0.8447326838666036,0
25,0.05656854249492385,strong,1.5,P_h,2,2.0,6,1.0000000000000002,0
25,0.05656854249492385,strong,1.5,P_h,p,1.5,6,1.1516336916289622,0
25,0.05656854249492385,strong,1.5,P_h,p_prime,3.0,6,1.0000000000000004,0
25,0.05656854249492385,strong,1.5,P_h_perp,2,2.0,6,0.7709893441545442,0
25,0.05656854249492385,strong,1.5,P_h_perp,p,1.5,6,0.9934629904809852,0
25,0.05656854249492385,strong,1.5,P_h_perp,p_prime,3.0,6,0.703819918365728,0
25,0.05656854249492385,strong,2.5,P_h,2,2.0,6,1.0000000000000002,0
25,0.05656854249492385,strong,2.5,P_h,p,2.5,6,1.0000000000000004,0
25,0.05656854249492385,strong,2.5,P_h,p_prime,1.6666666666666667,6,1.011875641359278,0
25,0.05656854249492385,strong,2.5,P_h_perp,2,2.0,6,0.7709893441545442,0
25,0.05656854249492385,strong,2.5,P_h_perp,p,2.5,6,0.7276227824682345,0
25,0.05656854249492385,strong,2.5,P_h_perp,p_prime,1.6666666666666667,6,0.8441495301497437,0
26,0.05439282932204224,multiplier,1.5,P_h,2,2.0,6,1.0000000000000002,0
26,0.05439282932204224,multiplier,1.5,P_h,p,1.5,6,1.1521173627439278,0
26,0.05439282932204224,multiplier,1.5,P_h,p_prime,3.0,6,1.0000000000000004,0
26,0.05439282932204224,multiplier,1.5,P_h_perp,2,2.0,6,0.7663797177210302,0
26,0.05439282932204224,multiplier,1.5,P_h_perp,p,1.5,6,0.9937822888898388,0
26,0.05439282932204224,multiplier,1.5,P_h_perp,p_prime,3.0,6,0.7055592097208582,0
26,0.05439282932204224,multiplier,2.5,P_h,2,2.0,6,1.0000000000000002,0
26,0.05439282932204224,multiplier,2.5,P_h,p,2.5,6,1.0000000000000002,0
26,0.05439282932204224,multiplier,2.5,P_h,p_prime,1.6666666666666667,6,1.0119901433422076,0
26,0.05439282932204224,multiplier,2.5,P_h_perp,2,2.0,6,0.7663797177210302,0
26,0.05439282932204224,multiplier,2.5,P_h_perp,p,2.5,6,0.7283674038123882,0
26,0.05439282932204224,multiplier,2.5,P_h_perp,p_prime,1.6666666666666667,6,0.8447266532885863,0
26,0.05439282932204224,strong,1.5,P_h,2,2.0,6,1.0000000000000002,0
26,0.05439282932204224,strong,1.5,P_h,p,1.5,6,1.1521173636633861,0
26,0.05439282932204224,strong,1.5,P_h,p_prime,3.0,6,1.0000000000000004,0
26,0.05439282932204224,strong,1.5,P_h_perp,2,2.0,6,0.7709893309624823,0
26,0.05439282932204224,strong,1.5,P_h_perp,p,1.5,6,0.993782297833188,0
26,0.05439282932204224,strong,1.5,P_h_perp,p_prime,3.0,6,0.7038199053973713,0
26,0.05439282932204224,strong,2.5,P_h,2,2.0,6,1.0000000000000002,0
26,0.05439282932204224,strong,2.5,P_h,p,2.5,6,1.0000000000000004,0
26,0.05439282932204224,strong,2.5,P_h,p_prime,1.6666666666666667,6,1.0119901434956677,0
26,0.05439282932204224,strong,2.5,P_h_perp,2,2.0,6,0.7709893309624823,0
26,0.05439282932204224,strong,2.5,P_h_perp,p,2.5,6,0.7276227703504257,0
26,0.05439282932204224,strong,2.5,P_h_perp,p_prime,1.6666666666666667,6,0.8441497274037661,0
27,0.052378280087892484,multiplier,1.5,P_h,2,2.0,6,1.0000000000000004,0
27,0.052378280087892484,multiplier,1.5,P_h,p,1.5,6,1.152607827040347,0
27,0.052378280087892484,multiplier,1.5,P_h,p_prime,3.0,6,1.0000000000000004,0
27,0.052378280087892484,multiplier,1.5,P_h_perp,2,2.0,6,0.7665486057955226,0
27,0.052378280087892484,multiplier,1.5,P_h_perp,p,1.5,6,0.9941076142727795,0
27,0.052378280087892484,multiplier,1.5,P_h_perp,p_prime,3.0,6,0.7055057965741119,0
27,0.052378280087892484,multiplier,2.5,P_h,2,2.0,6,1.0000000000000004,0
27,0.052378280087892484,multiplier,2.5,P_h,p,2.5,6,1.0000000000000007,0
27,0.052378280087892484,multiplier,2.5,P_h,p_prime,1.6666666666666667,6,1.0120979866371584,0
27,0.052378280087892484,multiplier,2.5,P_h_perp,2,2.0,6,0.7665486057955226,0
27,0.052378280087892484,multiplier,2.5,P_h_perp,p,2.5,6,0.7283614037926753,0
27,0.052378280087892484,multiplier,2.5,P_h_perp,p_prime,1.6666666666666667,6,0.844720621339461,0
27,0.052378280087892484,strong,1.5,P_h,2,2.0,6,1.0000000000000002,0
27,0.052378280087892484,strong,1.5,P_h,p,1.5,6,1.1526078277472922,0
27,0.052378280087892484,strong,1.5,P_h,p_prime,3.0,6,1.0000000000000004,0
27,0.052378280087892484,strong,1.5,P_h_perp,2,2.0,6,0.7709893200798953,0
27,0.052378280087892484,strong,1.5,P_h_perp,p,1.5,6,0.9941076219440024,0
27,0.052378280087892484,strong,1.5,P_h_perp,p_prime,3.0,6,0.703819894699398,0
27,0.052378280087892484,strong,2.5,P_h,2,2.0,6,1.0000000000000002,0
27,0.052378280087892484,strong,2.5,P_h,p,2.5,6,1.0000000000000004,0
27,0.052378280087892484,strong,2.5,P_h,p_prime,1.6666666666666667,6,1.0120979867616196,0
27,0.052378280087892484,strong,2.5,P_h_perp,2,2.0,6,0.7709893200798953,0
27,0.052378280087892484,strong,2.5,P_h_perp,p,2.5,6,0.7276227603562951,0
27,0.052378280087892484,strong,2.5,P_h_perp,p_prime,1.6666666666666667,6,0.844149897381553,0
28,0.05050762722761067,multiplier,1.5,P_h,2,2.0,6,1.0000000000000002,0
28,0.05050762722761067,multiplier,1.5,P_h,p,1.5,6,1.1530225120687592,0
28,0.05050762722761067,multiplier,1.5,P_h,p_prime,3.0,6,1.0000000000000004,0
28,0.05050762722761067,multiplier,1.5,P_h_perp,2,2.0,6,0.7667055561557992,0
28,0.05050762722761067,multiplier,1.5,P_h_perp,p,1.5,6,0.994384106145833,0
28,0.05050762722761067,multiplier,1.5,P_h_perp,p_prime,3.0,6,0.7054554550690233,0
28,0.05050762722761067,multiplier,2.5,P_h,2,2.0,6,1.0000000000000002,0
28,0.05050762722761067,multiplier,2.5,P_h,p,2.5,6,1.0000000000000004,0
28,0.05050762722761067,multiplier,2.5,P_h,p_prime,1.6666666666666667,6,1.012193466255538,0
28,0.05050762722761067,multiplier,2.5,P_h_perp,2,2.0,6,0.7667055561557992,0
28,0.05050762722761067,multiplier,2.5,P_h_perp,p,2.5,6,0.7283546501017767,0
28,0.05050762722761067,multiplier,2.5,P_h_perp,p_prime,1.6666666666666667,6,0.8447146171863823,0
28,0.05050762722761067,strong,1.5,P_h,2,2.0,6,1.0000000000000002,0
28,0.05050762722761067,strong,1.5,P_h,p,1.5,6,1.1530225126908265,0
28,0.05050762722761067,strong,1.5,P_h,p_prime,3.0,6,1.0000000000000004,0
28,0.05050762722761067,strong,1.5,P_h_perp,2,2.0,6,0.7709893110381751,0
28,0.05050762722761067,strong,1.5,P_h_perp,p,1.5,6,0.9943841126527062,0
28,0.05050762722761067,strong,1.5,P_h_perp,p_prime,3.0,6,0.7038198858111129,0
28,0.05050762722761067,strong,2.5,P_h,2,2.0,6,1.0000000000000002,0
28,0.05050762722761067,strong,2.5,P_h,p,2.5,6,1.0000000000000004,0
28,0.05050762722761067,strong,2.5,P_h,p_prime,1.6666666666666667,6,1.0121934663563334,0
28,0.05050762722761067,strong,2.5,P_h_perp,2,2.0,6,0.7709893110381751,0
28,0.05050762722761067,strong,2.5,P_h_perp,p,2.5,6,0.7276227520544585,0
28,0.05050762722761067,strong,2.5,P_h_perp,p_prime,1.6666666666666667,6,0.8441500446349389,0
29,0.048765984909417165,multiplier,1.5,P_h,2,2.0,6,1.0000000000000002,0
29,0.048765984909417165,multiplier,1.5,P_h,p,1.5,6,1.1534426378222356,0
29,0.048765984909417165,multiplier,1.5,P_h,p_prime,3.0,6,1.0000000000000004,0
29,0.048765984909417165,multiplier,1.5,P_h_perp,2,2.0,6,0.7668517912392326,0
29,0.048765984909417165,multiplier,1.5,P_h_perp,p,1.5,6,0.9946654877120769,0
29,0.048765984909417165,multiplier,1.5,P_h_perp,p_prime,3.0,6,0.7054079402275827,0
29,0.048765984909417165,multiplier,2.5,P_h,2,2.0,6,1.0000000000000002,0
29,0.048765984909417165,multiplier,2.5,P_h,p,2.5,6,1.0000000000000004,0
29,0.048765984909417165,multiplier,2.5,P_h,p_prime,1.6666666666666667,6,1.0122837761876693,0
29,0.048765984909417165,multiplier,2.5,P_h_perp,2,2.0,6,0.7668517912392326,0
29,0.048765984909417165,multiplier,2.5,P_h_perp,p,2.5,6,0.7283473216109381,0
29,0.048765984909417165,multiplier,2.5,P_h_perp,p_prime,1.6666666666666667,6,0.8447086630983283,0
29,0.048765984909417165,strong,1.5,P_h,2,2.0,6,1.0000000000000004,0
29,0.048765984909417165,strong,1.5,P_h,p,1.5,6,1.1534426383079213,0
29,0.048765984909417165,strong,1.5,P_h,p_prime,3.0,6,1.0000000000000007,0
29,0.048765984909417165,strong,1.5,P_h_perp,2,2.0,6,0.770989303475979,0
29,0.048765984909417165,strong,1.5,P_h_perp,p,1.5,6,0.9946654933324728,0
29,0.048765984909417165,strong,1.5,P_h_perp,p_prime,3.0,6,0.7038198783772828,0
29,0.048765984909417165,strong,2.5,P_h,2,2.0,6,1.0000000000000004,0
29,0.048765984909417165,strong,2.5,P_h,p,2.5,6,1.0000000000000004,0
29,0.048765984909417165,strong,2.5,P_h,p_prime,1.6666666666666667,6,1.0122837762704389,0
29,0.048765984909417165,strong,2.5,P_h_perp,2,2.0,6,0.770989303475979,0
29,0.048765984909417165,strong,2.5,P_h_perp,p,2.5,6,0.727622745112385,0
29,0.048765984909417165,strong,2.5,P_h_perp,p_prime,1.6666666666666667,6,0.8441501728346809,0
30,0.047140452079103314,multiplier,1.5,P_h,2,2.0,6,1.0000000000000002,0
30,0.047140452079103314,multiplier,1.5,P_h,p,1.5,6,1.1538020946173864,0
30,0.047140452079103314,multiplier,1.5,P_h,p_prime,3.0,6,1.0000000000000007,0
30,0.047140452079103314,multiplier,1.5,P_h_perp,2,2.0,6,0.7669883720961264,0
30,0.047140452079103314,multiplier,1.5,P_h_perp,p,1.5,6,0.9949072304264177,0
30,0.047140452079103314,multiplier,1.5,P_h_perp,p_prime,3.0,6,0.7053630305520076,0
30,0.047140452079103314,multiplier,2.5,P_h,2,2.0,6,1.0000000000000002,0
30,0.047140452079103314,multiplier,2.5,P_h,p,2.5,6,1.0000000000000004,0
30,0.047140452079103314,multiplier,2.5,P_h,p_prime,1.6666666666666667,6,1.0123644333174335,0
30,0.047140452079103314,multiplier,2.5,P_h_perp,2,2.0,6,0.7669883720961264,0
30,0.047140452079103314,multiplier,2.5,P_h_perp,p,2.5,6,0.7283395619335846,0
30,0.047140452079103314,multiplier,2.5,P_h_perp,p_prime,1.6666666666666667,6,0.8447027759647339,0
30,0.047140452079103314,strong,1.5,P_h,2,2.0,6,1.0000000000000002,0
30,0.047140452079103314,strong,1.5,P_h,p,1.5,6,1.1538020950494743,0
30,0.047140452079103314,strong,1.5,P_h,p_prime,3.0,6,1.0000000000000007,0
30,0.047140452079103314,strong,1.5,P_h_perp,2,2.0,6,0.7709892971120732,0
30,0.047140452079103314,strong,1.5,P_h_perp,p,1.5,6,0.9949072352643127,0
30,0.047140452079103314,strong,1.5,P_h_perp,p_prime,3.0,6,0.7038198721214289,0
30,0.047140452079103314,strong,2.5,P_h,2,2.0,6,1.0000000000000002,0
30,0.047140452079103314,strong,2.5,P_h,p,2.5,6,1.0000000000000004,0
30,0.047140452079103314,strong,2.5,P_h,p_prime,1.6666666666666667,6,1.0123644333855257,0
30,0.047140452079103314,strong,2.5,P_h_perp,2,2.0,6,0.7709892971120732,0
30,0.047140452079103314,strong,2.5,P_h_perp,p,2.5,6,0.7276227392713476,0
30,0.047140452079103314,strong,2.5,P_h_perp,p_prime,1.6666666666666667,6,0.8441502849629948,0
31,0.045619792334616084,multiplier,1.5,P_h,2,2.0,6,1.0000000000000004,0
31,0.045619792334616084,multiplier,1.5,P_h,p,1.5,6,1.1541659753415392,0
31,0.045619792334616084,multiplier,1.5,P_h,p_prime,3.0,6,1.0000000000000007,0
31,0.045619792334616084,multiplier,1.5,P_h_perp,2,2.0,6,0.7671162241702748,0
31,0.045619792334616084,multiplier,1.5,P_h_perp,p,1.5,6,0.9951529996863183,0
31,0.045619792334616084,multiplier,1.5,P_h_perp,p_prime,3.0,6,0.7053205256397773,0
31,0.045619792334616084,multiplier,2.5,P_h,2,2.0,6,1.0000000000000004,0
31,0.045619792334616084,multiplier,2.5,P_h,p,2.5,6,1.0000000000000004,0
31,0.045619792334616084,multiplier,2.5,P_h,p_prime,1.6666666666666667,6,1.0124410048492543,0
31,0.045619792334616084,multiplier,2.5,P_h_perp,2,2.0,6,0.7671162241702748,0
31,0.045619792334616084,multiplier,2.5,P_h_perp,p,2.5,6,0.7283314866842219,0
31,0.045619792334616084,multiplier,2.5,P_h_perp,p_prime,1.6666666666666667,6,0.8446969684777256,0
31,0.045619792334616084,strong,1.5,P_h,2,2.0,6,1.0000000000000004,0
31,0.045619792334616084,strong,1.5,P_h,p,1.5,6,1.1541659756834788,0
31,0.045619792334616084,strong,1.5,P_h,p_prime,3.0,6,1.0000000000000004,0
31,0.045619792334616084,strong,1.5,P_h_perp,2,2.0,6,0.7709892917256592,0
31,0.045619792334616084,strong,1.5,P_h_perp,p,1.5,6,0.9951530038930936,0
31,0.045619792334616084,strong,1.5,P_h_perp,p_prime,3.0,6,0.7038198668264914,0
31,0.045619792334616084,strong,2.5,P_h,2,2.0,6,1.0000000000000004,0
31,0.045619792334616084,strong,2.5,P_h,p,2.5,6,1.0000000000000004,0
31,0.045619792334616084,strong,2.5,P_h,p_prime,1.6666666666666667,6,1.012441004905778,0
31,0.045619792334616084,strong,2.5,P_h_perp,2,2.0,6,0.7709892917256592,0
31,0.045619792334616084,strong,2.5,P_h_perp,p,2.5,6,0.7276227343282756,0
31,0.045619792334616084,strong,2.5,P_h_perp,p_prime,1.6666666666666667,6,0.8441503834595112,0
32,0.04419417382415922,multiplier,1.5,P_h,2,2.0,6,1.0000000000000004,0
32,0.04419417382415922,multiplier,1.5,P_h,p,1.5,6,1.1544805355051557,0
32,0.04419417382415922,multiplier,1.5,P_h,p_prime,3.0,6,1.0000000000000004,0
32,0.04419417382415922,multiplier,1.5,P_h_perp,2,2.0,6,0.7672361582908853,0
32,0.04419417382415922,multiplier,1.5,P_h_perp,p,1.5,6,0.9953661549206101,0
32,0.04419417382415922,multiplier,1.5,P_h_perp,p_prime,3.0,6,0.7052802439969033,0
32,0.04419417382415922,multiplier,2.5,P_h,2,2.0,6,1.0000000000000004,0
32,0.04419417382415922,multiplier,2.5,P_h,p,2.5,6,1.0000000000000004,0
32,0.04419417382415922,multiplier,2.5,P_h,p_prime,1.6666666666666667,6,1.0125099113775031,0
32,0.04419417382415922,multiplier,2.5,P_h_perp,2,2.0,6,0.7672361582908853,0
32,0.04419417382415922,multiplier,2.5,P_h_perp,p,2.5,6,0.7283231891271699,0
32,0.04419417382415922,multiplier,2.5,P_h_perp,p_prime,1.6666666666666667,6,0.8446912500314514,0
32,0.04419417382415922,strong,1.5,P_h,2,2.0,6,1.0000000000000004,0
32,0.04419417382415922,strong,1.5,P_h,p,1.5,6,1.1544805358122572,0
32,0.04419417382415922,strong,1.5,P_h,p_prime,3.0,6,1.0000000000000007,0
32,0.04419417382415922,strong,1.5,P_h_perp,2,2.0,6,0.7709892871419788,0
32,0.04419417382415922,strong,1.5,P_h_perp,p,1.5,6,0.9953661585870265,0
32,0.04419417382415922,strong,1.5,P_h_perp,p_prime,3.0,6,0.7038198623206681,0
32,0.04419417382415922,strong,2.5,P_h,2,2.0,6,1.0000000000000004,0
32,0.04419417382415922,strong,2.5,P_h,p,2.5,6,1.0000000000000004,0
32,0.04419417382415922,strong,2.5,P_h,p_prime,1.6666666666666667,6,1.0125099114246472,0
32,0.04419417382415922,strong,2.5,P_h_perp,2,2.0,6,0.7709892871419788,0
32,0.04419417382415922,strong,2.5,P_h_perp,p,2.5,6,0.7276227301224825,0
32,0.04419417382415922,strong,2.5,P_h_perp,p_prime,1.6666666666666667,6,0.8441504703329554,0
33,0.04285495643554845,multiplier,1.5,P_h,2,2.0,6,1.0000000000000004,0
33,0.04285495643554845,multiplier,1.5,P_h,p,1.5,6,1.1547987403040176,0
33,0.04285495643554845,multiplier,1.5,P_h,p_prime,3.0,6,1.0000000000000004,0
33,0.04285495643554845,multiplier,1.5,P_h_perp,2,2.0,6,0.7673488878823426,0
33,0.04285495643554845,multiplier,1.5,P_h_perp,p,1.5,6,0.9955826645451018,0
33,0.04285495643554845,multiplier,1.5,P_h_perp,p_prime,3.0,6,0.7052420210574177,0
33,0.04285495643554845,multiplier,2.5,P_h,2,2.0,6,1.0000000000000004,0
33,0.04285495643554845,multiplier,2.5,P_h,p,2.5,6,1.0000000000000004,0
33,0.04285495643554845,multiplier,2.5,P_h,p_prime,1.6666666666666667,6,1.0125755387793864,0
33,0.04285495643554845,multiplier,2.5,P_h_perp,2,2.0,6,0.7673488878823426,0
33,0.04285495643554845,multiplier,2.5,P_h_perp,p,2.5,6,0.7283147445994133,0
33,0.04285495643554845,multiplier,2.5,P_h_perp,p_prime,1.6666666666666667,6,0.8446856274269474,0
33,0.04285495643554845,strong,1.5,P_h,2,2.0,6,1.0000000000000004,0
33,0.04285495643554845,strong,1.5,P_h,p,1.5,6,1.1547987405499711,0
33,0.04285495643554845,strong,1.5,P_h,p_prime,3.0,6,1.0000000000000007,0
33,0.04285495643554845,strong,1.5,P_h_perp,2,2.0,6,0.7709892832216626,0
33,0.04285495643554845,strong,1.5,P_h_perp,p,1.5,6,0.9955826677533541,0
33,0.04285495643554845,strong,1.5,P_h_perp,p_prime,3.0,6,0.7038198584669539,0
33,0.04285495643554845,strong,2.5,P_h,2,2.0,6,1.0000000000000004,0
33,0.04285495643554845,strong,2.5,P_h,p,2.5,6,1.0000000000000004,0
33,0.04285495643554845,strong,2.5,P_h,p_prime,1.6666666666666667,6,1.0125755388188988,0
33,0.04285495643554845,strong,2.5,P_h_perp,2,2.0,6,0.7709892832216626,0
33,0.04285495643554845,strong,2.5,P_h_perp,p,2.5,6,0.727622726525848,0
33,0.04285495643554845,strong,2.5,P_h_perp,p_prime,1.6666666666666667,6,0.8441505472473162,0
34,0.04159451654038516,multiplier,1.5,P_h,2,2.0,6,1.0000000000000004,0
34,0.04159451654038516,multiplier,1.5,P_h,p,1.5,6,1.1550763119883376,0
34,0.04159451654038516,multiplier,1.5,P_h,p_prime,3.0,6,1.0000000000000004,0
34,0.04159451654038516,multiplier,1.5,P_h_perp,2,2.0,6,0.7674550431636018,0
34,0.04159451654038516,multiplier,1.5,P_h_perp,p,1.5,6,0.9958485449681804,0
34,0.04159451654038516,multiplier,1.5,P_h_perp,p_prime,3.0,6,0.7052057074039906,0
34,0.04159451654038516,multiplier,2.5,P_h,2,2.0,6,1.0000000000000004,0
34,0.04159451654038516,multiplier,2.5,P_h,p,2.5,6,1.0000000000000004,0
34,0.04159451654038516,multiplier,2.5,P_h,p_prime,1.6666666666666667,6,1.0126349890901625,0
34,0.04159451654038516,multiplier,2.5,P_h_perp,2,2.0,6,0.7674550431636018,0
34,0.04159451654038516,multiplier,2.5,P_h_perp,p,2.5,6,0.7283062139937572,0
34,0.04159451654038516,multiplier,2.5,P_h_perp,p_prime,1.6666666666666667,6,0.8446801054167252,0
34,0.04159451654038516,strong,1.5,P_h,2,2.0,6,1.0000000000000004,0
34,0.04159451654038516,strong,1.5,P_h,p,1.5,6,1.1550763122110668,0
34,0.04159451654038516,strong,1.5,P_h,p_prime,3.0,6,1.0000000000000004,0
34,0.04159451654038516,strong,1.5,P_h_perp,2,2.0,6,0.7709892798527699,0
34,0.04159451654038516,strong,1.5,P_h_perp,p,1.5,6,0.9958485383125136,0
34,0.04159451654038516,strong,1.5,P_h_perp,p_prime,3.0,6,0.7038198551553021,0
34,0.04159451654038516,strong,2.5,P_h,2,2.0,6,1.0000000000000004,0
34,0.04159451654038516,strong,2.5,P_h,p,2.5,6,1.0000000000000004,0
34,0.04159451654038516,strong,2.5,P_h,p_prime,1.6666666666666667,6,1.0126349891235193,0
34,0.04159451654038516,strong,2.5,P_h_perp,2,2.0,6,0.7709892798527699,0
34,0.04159451654038516,strong,2.5,P_h_perp,p,2.5,6,0.7276227234354968,0
34,0.04159451654038516,strong,2.5,P_h_perp,p_prime,1.6666666666666667,6,0.8441506155888988,0
35,0.04040610178208844,multiplier,1.5,P_h,2,2.0,6,1.0000000000000004,0
35,0.04040610178208844,multiplier,1.5,P_h,p,1.5,6,1.1553569212486368,0
35,0.04040610178208844,multiplier,1.5,P_h,p_prime,3.0,6,1.0000000000000004,0
35,0.04040610178208844,multiplier,1.5,P_h_perp,2,2.0,6,0.7675551829341546,0
35,0.04040610178208844,multiplier,1.5,P_h_perp,p,1.5,6,0.9961343559023828,0
35,0.04040610178208844,multiplier,1.5,P_h_perp,p_prime,3.0,6,0.7051711671776851,0
35,0.04040610178208844,multiplier,2.5,P_h,2,2.0,6,1.0000000000000004,0
35,0.04040610178208844,multiplier,2.5,P_h,p,2.5,6,1.0000000000000004,0
35,0.04040610178208844,multiplier,2.5,P_h,p_prime,1.6666666666666667,6,1.0126917716591735,0
35,0.04040610178208844,multiplier,2.5,P_h_perp,2,2.0,6,0.7675551829341546,0
35,0.04040610178208844,multiplier,2.5,P_h_perp,p,2.5,6,0.7282976465189324,0
35,0.04040610178208844,multiplier,2.5,P_h_perp,p_prime,1.6666666666666667,6,0.8446746871376186,0
35,0.04040610178208844,strong,1.5,P_h,2,2.0,6,1.0000000000000004,0
35,0.04040610178208844,strong,1.5,P_h,p,1.5,6,1.1553569214289283,0
35,0.04040610178208844,strong,1.5,P_h,p_prime,3.0,6,1.0000000000000004,0
35,0.04040610178208844,strong,1.5,P_h_perp,2,2.0,6,0.7709892769447907,0
35,0.04040610178208844,strong,1.5,P_h_perp,p,1.5,6,0.9961343502241343,0
35,0.04040610178208844,strong,1.5,P_h_perp,p_prime,3.0,6,0.7038198522967397,0
35,0.04040610178208844,strong,2.5,P_h,2,2.0,6,1.0000000000000004,0
35,0.04040610178208844,strong,2.5,P_h,p,2.5,6,1.0000000000000004,0
35,0.04040610178208844,strong,2.5,P_h,p_prime,1.6666666666666667,6,1.0126917716873665,0
35,0.04040610178208844,strong,2.5,P_h_perp,2,2.0,6,0.7709892769447907,0
35,0.04040610178208844,strong,2.5,P_h_perp,p,2.5,6,0.7276227207682602,0
35,0.04040610178208844,strong,2.5,P_h_perp,p_prime,1.6666666666666667,6,0.8441506765188808,0
36,0.039283710065919325,multiplier,1.5,P_h,2,2.0,6,1.0000000000000002,0
36,0.039283710065919325,multiplier,1.5,P_h,p,1.5,6,1.1556036598871413,0
36,0.039283710065919325,multiplier,1.5,P_h,p_prime,3.0,6,1.0000000000000004,0
36,0.039283710065919325,multiplier,1.5,P_h_perp,2,2.0,6,0.7676498044118746,0
36,0.039283710065919325,multiplier,1.5,P_h_perp,p,1.5,6,0.9963857386640972,0
36,0.039283710065919325,multiplier,1.5,P_h_perp,p_prime,3.0,6,0.7051382766615159,0
36,0.039283710065919325,multiplier,2.5,P_h,2,2.0,6,1.0000000000000002,0
36,0.039283710065919325,multiplier,2.5,P_h,p,2.5,6,1.0000000000000004,0
36,0.039283710065919325,multiplier,2.5,P_h,p_prime,1.6666666666666667,6,1.0127435111283565,0
36,0.039283710065919325,multiplier,2.5,P_h_perp,2,2.0,6,0.7676498044118746,0
36,0.039283710065919325,multiplier,2.5,P_h_perp,p,2.5,6,0.7282890818971157,0
36,0.039283710065919325,multiplier,2.5,P_h_perp,p_prime,1.6666666666666667,6,0.8446693744504172,0
36,0.039283710065919325,strong,1.5,P_h,2,2.0,6,1.0000000000000004,0
36,0.039283710065919325,strong,1.5,P_h,p,1.5,6,1.1556036600516042,0
36,0.039283710065919325,strong,1.5,P_h,p_prime,3.0,6,1.0000000000000007,0
36,0.039283710065919325,strong,1.5,P_h_perp,2,2.0,6,0.770989274424083,0
36,0.039283710065919325,strong,1.5,P_h_perp,p,1.5,6,0.9963857333271355,0
36,0.039283710065919325,strong,1.5,P_h_perp,p_prime,3.0,6,0.7038198498188731,0
36,0.039283710065919325,strong,2.5,P_h,2,2.0,6,1.0000000000000004,0
36,0.039283710065919325,strong,2.5,P_h,p,2.5,6,1.0000000000000004,0
36,0.039283710065919325,strong,2.5,P_h,p_prime,1.6666666666666667,6,1.0127435111524132,0
36,0.039283710065919325,strong,2.5,P_h_perp,2,2.0,6,0.770989274424083,0
36,0.039283710065919325,strong,2.5,P_h_perp,p,2.5,6,0.7276227184564847,0
36,0.039283710065919325,strong,2.5,P_h_perp,p_prime,1.6666666666666667,6,0.8441507310148108,0
37,0.03822198817224589,multiplier,1.5,P_h,2,2.0,6,1.0000000000000004,0
37,0.03822198817224589,multiplier,1.5,P_h,p,1.5,6,1.1558529563394577,0
37,0.03822198817224589,multiplier,1.5,P_h,p_prime,3.0,6,1.0000000000000004,0
37,0.03822198817224589,multiplier,1.5,P_h_perp,2,2.0,6,0.7677393514884021,0
37,0.03822198817224589,multiplier,1.5,P_h_perp,p,1.5,6,0.9966405707760956,0
37,0.03822198817224589,multiplier,1.5,P_h_perp,p_prime,3.0,6,0.7051069230214263,0
37,0.03822198817224589,multiplier,2.5,P_h,2,2.0,6,1.0000000000000004,0
37,0.03822198817224589,multiplier,2.5,P_h,p,2.5,6,1.0000000000000004,0
37,0.03822198817224589,multiplier,2.5,P_h,p_prime,1.6666666666666667,6,1.0127930541067285,0
37,0.03822198817224589,multiplier,2.5,P_h_perp,2,2.0,6,0.7677393514884021,0
37,0.03822198817224589,multiplier,2.5,P_h_perp,p,2.5,6,0.7282805521235162,0
37,0.03822198817224589,multiplier,2.5,P_h_perp,p_prime,1.6666666666666667,6,0.8446641682094829,0
37,0.03822198817224589,strong,1.5,P_h,2,2.0,6,1.0000000000000004,0
37,0.03822198817224589,strong,1.5,P_h,p,1.5,6,1.1558529564738653,0
37,0.03822198817224589,strong,1.5,P_h,p_prime,3.0,6,1.0000000000000007,0
37,0.03822198817224589,strong,1.5,P_h_perp,2,2.0,6,0.7709892722303737,0
37,0.03822198817224589,strong,1.5,P_h_perp,p,1.5,6,0.9966405661772797,0
37,0.03822198817224589,strong,1.5,P_h_perp,p_prime,3.0,6,0.7038198476624525,0
37,0.03822198817224589,strong,2.5,P_h,2,2.0,6,1.0000000000000004,0
37,0.03822198817224589,strong,2.5,P_h,p,2.5,6,1.0000000000000004,0
37,0.03822198817224589,strong,2.5,P_h,p_prime,1.6666666666666667,6,1.0127930541272174,0
37,0.03822198817224589,strong,2.5,P_h_perp,2,2.0,6,0.7709892722303737,0
37,0.03822198817224589,strong,2.5,P_h_perp,p,2.5,6,0.7276227164448058,0
37,0.03822198817224589,strong,2.5,P_h_perp,p_prime,1.6666666666666667,6,0.8441507799035953,0
38,0.03721614637823946,multiplier,1.5,P_h,2,2.0,6,1.0000000000000004,0
38,0.03721614637823946,multiplier,1.5,P_h,p,1.5,6,1.1560737244137864,0
38,0.03721614637823946,multiplier,1.5,P_h,p_prime,3.0,6,1.0000000000000004,0
38,0.03721614637823946,multiplier,1.5,P_h_perp,2,2.0,6,0.7678242216911965,0
38,0.03721614637823946,multiplier,1.5,P_h_perp,p,1.5,6,0.9968662253782008,0
38,0.03721614637823946,multiplier,1.5,P_h_perp,p_prime,3.0,6,0.7050770031883672,0
38,0.03721614637823946,multiplier,2.5,P_h,2,2.0,6,1.0000000000000004,0
38,0.03721614637823946,multiplier,2.5,P_h,p,2.5,6,1.0000000000000004,0
38,0.03721614637823946,multiplier,2.5,P_h,p_prime,1.6666666666666667,6,1.01283843210063,0
38,0.03721614637823946,multiplier,2.5,P_h_perp,2,2.0,6,0.7678242216911965,0
38,0.03721614637823946,multiplier,2.5,P_h_perp,p,2.5,6,0.7282720828809995,0
38,0.03721614637823946,multiplier,2.5,P_h_perp,p_prime,1.6666666666666667,6,0.8446590684774979,0
38,0.03721614637823946,strong,1.5,P_h,2,2.0,6,1.0000000000000004,0
38,0.03721614637823946,strong,1.5,P_h,p,1.5,6,1.156073724537191,0
38,0.03721614637823946,strong,1.5,P_h,p_prime,3.0,6,1.0000000000000004,0
38,0.03721614637823946,strong,1.5,P_h_perp,2,2.0,6,0.770989270314055,0
38,0.03721614637823946,strong,1.5,P_h_perp,p,1.5,6,0.9968662210487569,0
38,0.03721614637823946,strong,1.5,P_h_perp,p_prime,3.0,6,0.7038198457787096,0
38,0.03721614637823946,strong,2.5,P_h,2,2.0,6,1.0000000000000004,0
38,0.03721614637823946,strong,2.5,P_h,p,2.5,6,1.0000000000000004,0
38,0.03721614637823946,strong,2.5,P_h,p_prime,1.6666666666666667,6,1.0128384321182822,0
38,0.03721614637823946,strong,2.5,P_h_perp,2,2.0,6,0.770989270314055,0
38,0.03721614637823946,strong,2.5,P_h_perp,p,2.5,6,0.7276227146876653,0
38,0.03721614637823946,strong,2.5,P_h_perp,p_prime,1.6666666666666667,6,0.8441508238878841,0
39,0.036261886214694776,multiplier,1.5,P_h,2,2.0,6,1.0000000000000004,0
39,0.036261886214694776,multiplier,1.5,P_h,p,1.5,6,1.1562966662291976,0
39,0.036261886214694776,multiplier,1.5,P_h,p_prime,3.0,6,1.0000000000000007,0
39,0.036261886214694776,multiplier,1.5,P_h_perp,2,2.0,6,0.7679047720826949,0
39,0.036261886214694776,multiplier,1.5,P_h_perp,p,1.5,6,0.9970948391601998,0
39,0.036261886214694776,multiplier,1.5,P_h_perp,p_prime,3.0,6,0.7050484228660955,0
39,0.036261886214694776,multiplier,2.5,P_h,2,2.0,6,1.0000000000000004,0
39,0.036261886214694776,multiplier,2.5,P_h,p,2.5,6,1.0000000000000004,0
39,0.036261886214694776,multiplier,2.5,P_h,p_prime,1.6666666666666667,6,1.012881982227651,0
39,0.036261886214694776,multiplier,2.5,P_h_perp,2,2.0,6,0.7679047720826949,0
39,0.036261886214694776,multiplier,2.5,P_h_perp,p,2.5,6,0.7282636946823181,0
39,0.036261886214694776,multiplier,2.5,P_h_perp,p_prime,1.6666666666666667,6,0.8446540746967772,0
39,0.036261886214694776,strong,1.5,P_h,2,2.0,6,1.0000000000000004,0
39,0.036261886214694776,strong,1.5,P_h,p,1.5,6,1.1562966663309244,0
39,0.036261886214694776,strong,1.5,P_h,p_prime,3.0,6,1.0000000000000004,0
39,0.036261886214694776,strong,1.5,P_h_perp,2,2.0,6,0.7709892686340807,0
39,0.036261886214694776,strong,1.5,P_h_perp,p,1.5,6,0.9970948353967077,0
39,0.036261886214694776,strong,1.5,P_h_perp,p_prime,3.0,6,0.7038198441272955,0
39,0.036261886214694776,strong,2.5,P_h,2,2.0,6,1.0000000000000004,0
39,0.036261886214694776,strong,2.5,P_h,p,2.5,6,1.0000000000000004,0
39,0.036261886214694776,strong,2.5,P_h,p_prime,1.6666666666666667,6,1.012881982242786,0
39,0.036261886214694776,strong,2.5,P_h_perp,2,2.0,6,0.7709892686340807,0
39,0.036261886214694776,strong,2.5,P_h_perp,p,2.5,6,0.7276227131473726,0
39,0.036261886214694776,strong,2.5,P_h_perp,p_prime,1.6666666666666667,6,0.8441508635673095,0
